action_repeat,delta_x,delta_y,delta_radius,name,w_cell,w_dose,w_smooth,tumor_reduction,tumor_reduction_lo,tumor_reduction_hi,total_dose,total_dose_lo,total_dose_hi,smooth_cost,smooth_cost_lo,smooth_cost_hi,n_episodes,objective
6,0.2541000640255455,0.23500605695039734,0.02823154755797401,lhs_016,0.3,2.0,0.02,-42.416666666666664,-73.17708333333334,-10.581250000000011,5.608139532380531,5.225203806727211,6.0111060285427795,18.58213374278663,17.764184237647957,19.41508942083067,12,0.052904900765883486
6,0.2541000640255455,0.23500605695039734,0.02823154755797401,lhs_016,0.3,2.0,0.0,-42.416666666666664,-73.17708333333334,-10.581250000000011,5.608139532380531,5.225203806727211,6.0111060285427795,18.58213374278663,17.764184237647957,19.41508942083067,12,0.052904900765883486
6,0.2541000640255455,0.23500605695039734,0.02823154755797401,lhs_016,0.3,1.0,0.1,-42.416666666666664,-73.17708333333334,-10.581250000000011,5.608139532380531,5.225203806727211,6.0111060285427795,18.58213374278663,17.764184237647957,19.41508942083067,12,0.052904900765883486
6,0.2541000640255455,0.23500605695039734,0.02823154755797401,lhs_016,0.5,1.0,0.0,-42.416666666666664,-73.17708333333334,-10.581250000000011,5.608139532380531,5.225203806727211,6.0111060285427795,18.58213374278663,17.764184237647957,19.41508942083067,12,0.052904900765883486
6,0.2541000640255455,0.23500605695039734,0.02823154755797401,lhs_016,0.5,0.5,0.1,-42.416666666666664,-73.17708333333334,-10.581250000000011,5.608139532380531,5.225203806727211,6.0111060285427795,18.58213374278663,17.764184237647957,19.41508942083067,12,0.052904900765883486
6,0.2541000640255455,0.23500605695039734,0.02823154755797401,lhs_016,0.5,1.0,0.1,-42.416666666666664,-73.17708333333334,-10.581250000000011,5.608139532380531,5.225203806727211,6.0111060285427795,18.58213374278663,17.764184237647957,19.41508942083067,12,0.052904900765883486
6,0.2541000640255455,0.23500605695039734,0.02823154755797401,lhs_016,0.5,2.0,0.0,-42.416666666666664,-73.17708333333334,-10.581250000000011,5.608139532380531,5.225203806727211,6.0111060285427795,18.58213374278663,17.764184237647957,19.41508942083067,12,0.052904900765883486
6,0.2541000640255455,0.23500605695039734,0.02823154755797401,lhs_016,0.5,1.0,0.02,-42.416666666666664,-73.17708333333334,-10.581250000000011,5.608139532380531,5.225203806727211,6.0111060285427795,18.58213374278663,17.764184237647957,19.41508942083067,12,0.052904900765883486
6,0.2541000640255455,0.23500605695039734,0.02823154755797401,lhs_016,1.0,0.5,0.0,-42.416666666666664,-73.17708333333334,-10.581250000000011,5.608139532380531,5.225203806727211,6.0111060285427795,18.58213374278663,17.764184237647957,19.41508942083067,12,0.052904900765883486
6,0.2541000640255455,0.23500605695039734,0.02823154755797401,lhs_016,0.5,2.0,0.02,-42.416666666666664,-73.17708333333334,-10.581250000000011,5.608139532380531,5.225203806727211,6.0111060285427795,18.58213374278663,17.764184237647957,19.41508942083067,12,0.052904900765883486
6,0.2541000640255455,0.23500605695039734,0.02823154755797401,lhs_016,0.5,2.0,0.1,-42.416666666666664,-73.17708333333334,-10.581250000000011,5.608139532380531,5.225203806727211,6.0111060285427795,18.58213374278663,17.764184237647957,19.41508942083067,12,0.052904900765883486
6,0.2541000640255455,0.23500605695039734,0.02823154755797401,lhs_016,1.0,1.0,0.0,-42.416666666666664,-73.17708333333334,-10.581250000000011,5.608139532380531,5.225203806727211,6.0111060285427795,18.58213374278663,17.764184237647957,19.41508942083067,12,0.052904900765883486
6,0.2541000640255455,0.23500605695039734,0.02823154755797401,lhs_016,1.0,0.5,0.1,-42.416666666666664,-73.17708333333334,-10.581250000000011,5.608139532380531,5.225203806727211,6.0111060285427795,18.58213374278663,17.764184237647957,19.41508942083067,12,0.052904900765883486
6,0.2541000640255455,0.23500605695039734,0.02823154755797401,lhs_016,1.0,0.5,0.02,-42.416666666666664,-73.17708333333334,-10.581250000000011,5.608139532380531,5.225203806727211,6.0111060285427795,18.58213374278663,17.764184237647957,19.41508942083067,12,0.052904900765883486
6,0.2541000640255455,0.23500605695039734,0.02823154755797401,lhs_016,1.0,1.0,0.02,-42.416666666666664,-73.17708333333334,-10.581250000000011,5.608139532380531,5.225203806727211,6.0111060285427795,18.58213374278663,17.764184237647957,19.41508942083067,12,0.052904900765883486
6,0.2541000640255455,0.23500605695039734,0.02823154755797401,lhs_016,1.0,2.0,0.02,-42.416666666666664,-73.17708333333334,-10.581250000000011,5.608139532380531,5.225203806727211,6.0111060285427795,18.58213374278663,17.764184237647957,19.41508942083067,12,0.052904900765883486
6,0.2541000640255455,0.23500605695039734,0.02823154755797401,lhs_016,1.0,2.0,0.0,-42.416666666666664,-73.17708333333334,-10.581250000000011,5.608139532380531,5.225203806727211,6.0111060285427795,18.58213374278663,17.764184237647957,19.41508942083067,12,0.052904900765883486
6,0.2541000640255455,0.23500605695039734,0.02823154755797401,lhs_016,1.0,1.0,0.1,-42.416666666666664,-73.17708333333334,-10.581250000000011,5.608139532380531,5.225203806727211,6.0111060285427795,18.58213374278663,17.764184237647957,19.41508942083067,12,0.052904900765883486
6,0.2541000640255455,0.23500605695039734,0.02823154755797401,lhs_016,1.0,2.0,0.1,-42.416666666666664,-73.17708333333334,-10.581250000000011,5.608139532380531,5.225203806727211,6.0111060285427795,18.58213374278663,17.764184237647957,19.41508942083067,12,0.052904900765883486
6,0.2541000640255455,0.23500605695039734,0.02823154755797401,lhs_016,0.3,1.0,0.02,-42.416666666666664,-73.17708333333334,-10.581250000000011,5.608139532380531,5.225203806727211,6.0111060285427795,18.58213374278663,17.764184237647957,19.41508942083067,12,0.052904900765883486
6,0.2541000640255455,0.23500605695039734,0.02823154755797401,lhs_016,0.3,1.0,0.0,-42.416666666666664,-73.17708333333334,-10.581250000000011,5.608139532380531,5.225203806727211,6.0111060285427795,18.58213374278663,17.764184237647957,19.41508942083067,12,0.052904900765883486
6,0.2541000640255455,0.23500605695039734,0.02823154755797401,lhs_016,0.3,0.5,0.1,-42.416666666666664,-73.17708333333334,-10.581250000000011,5.608139532380531,5.225203806727211,6.0111060285427795,18.58213374278663,17.764184237647957,19.41508942083067,12,0.052904900765883486
6,0.2541000640255455,0.23500605695039734,0.02823154755797401,lhs_016,0.3,0.5,0.02,-42.416666666666664,-73.17708333333334,-10.581250000000011,5.608139532380531,5.225203806727211,6.0111060285427795,18.58213374278663,17.764184237647957,19.41508942083067,12,0.052904900765883486
6,0.2541000640255455,0.23500605695039734,0.02823154755797401,lhs_016,0.3,0.5,0.0,-42.416666666666664,-73.17708333333334,-10.581250000000011,5.608139532380531,5.225203806727211,6.0111060285427795,18.58213374278663,17.764184237647957,19.41508942083067,12,0.052904900765883486
6,0.2541000640255455,0.23500605695039734,0.02823154755797401,lhs_016,0.3,2.0,0.1,-42.416666666666664,-73.17708333333334,-10.581250000000011,5.608139532380531,5.225203806727211,6.0111060285427795,18.58213374278663,17.764184237647957,19.41508942083067,12,0.052904900765883486
6,0.2541000640255455,0.23500605695039734,0.02823154755797401,lhs_016,0.5,0.5,0.02,-42.416666666666664,-73.17708333333334,-10.581250000000011,5.608139532380531,5.225203806727211,6.0111060285427795,18.58213374278663,17.764184237647957,19.41508942083067,12,0.052904900765883486
6,0.2541000640255455,0.23500605695039734,0.02823154755797401,lhs_016,0.5,0.5,0.0,-42.416666666666664,-73.17708333333334,-10.581250000000011,5.608139532380531,5.225203806727211,6.0111060285427795,18.58213374278663,17.764184237647957,19.41508942083067,12,0.052904900765883486
8,0.09868130900537214,0.2671361481057536,0.03229138178772853,lhs_017,0.3,1.0,0.02,-44.833333333333336,-71.75,-18.662500000000023,5.654161853099134,5.168564293849757,6.157368475655607,12.550473225613432,11.768237412036006,13.363698945307014,12,0.013996260852918165
8,0.09868130900537214,0.2671361481057536,0.03229138178772853,lhs_017,0.3,1.0,0.0,-44.833333333333336,-71.75,-18.662500000000023,5.654161853099134,5.168564293849757,6.157368475655607,12.550473225613432,11.768237412036006,13.363698945307014,12,0.013996260852918165
8,0.09868130900537214,0.2671361481057536,0.03229138178772853,lhs_017,0.3,2.0,0.0,-44.833333333333336,-71.75,-18.662500000000023,5.654161853099134,5.168564293849757,6.157368475655607,12.550473225613432,11.768237412036006,13.363698945307014,12,0.013996260852918165
8,0.09868130900537214,0.2671361481057536,0.03229138178772853,lhs_017,0.3,1.0,0.1,-44.833333333333336,-71.75,-18.662500000000023,5.654161853099134,5.168564293849757,6.157368475655607,12.550473225613432,11.768237412036006,13.363698945307014,12,0.013996260852918165
8,0.09868130900537214,0.2671361481057536,0.03229138178772853,lhs_017,0.3,2.0,0.02,-44.833333333333336,-71.75,-18.662500000000023,5.654161853099134,5.168564293849757,6.157368475655607,12.550473225613432,11.768237412036006,13.363698945307014,12,0.013996260852918165
8,0.09868130900537214,0.2671361481057536,0.03229138178772853,lhs_017,1.0,2.0,0.1,-44.833333333333336,-71.75,-18.662500000000023,5.654161853099134,5.168564293849757,6.157368475655607,12.550473225613432,11.768237412036006,13.363698945307014,12,0.013996260852918165
8,0.09868130900537214,0.2671361481057536,0.03229138178772853,lhs_017,1.0,2.0,0.02,-44.833333333333336,-71.75,-18.662500000000023,5.654161853099134,5.168564293849757,6.157368475655607,12.550473225613432,11.768237412036006,13.363698945307014,12,0.013996260852918165
8,0.09868130900537214,0.2671361481057536,0.03229138178772853,lhs_017,1.0,2.0,0.0,-44.833333333333336,-71.75,-18.662500000000023,5.654161853099134,5.168564293849757,6.157368475655607,12.550473225613432,11.768237412036006,13.363698945307014,12,0.013996260852918165
8,0.09868130900537214,0.2671361481057536,0.03229138178772853,lhs_017,1.0,1.0,0.1,-44.833333333333336,-71.75,-18.662500000000023,5.654161853099134,5.168564293849757,6.157368475655607,12.550473225613432,11.768237412036006,13.363698945307014,12,0.013996260852918165
8,0.09868130900537214,0.2671361481057536,0.03229138178772853,lhs_017,1.0,1.0,0.02,-44.833333333333336,-71.75,-18.662500000000023,5.654161853099134,5.168564293849757,6.157368475655607,12.550473225613432,11.768237412036006,13.363698945307014,12,0.013996260852918165
8,0.09868130900537214,0.2671361481057536,0.03229138178772853,lhs_017,1.0,1.0,0.0,-44.833333333333336,-71.75,-18.662500000000023,5.654161853099134,5.168564293849757,6.157368475655607,12.550473225613432,11.768237412036006,13.363698945307014,12,0.013996260852918165
8,0.09868130900537214,0.2671361481057536,0.03229138178772853,lhs_017,0.5,2.0,0.02,-44.833333333333336,-71.75,-18.662500000000023,5.654161853099134,5.168564293849757,6.157368475655607,12.550473225613432,11.768237412036006,13.363698945307014,12,0.013996260852918165
8,0.09868130900537214,0.2671361481057536,0.03229138178772853,lhs_017,0.5,2.0,0.1,-44.833333333333336,-71.75,-18.662500000000023,5.654161853099134,5.168564293849757,6.157368475655607,12.550473225613432,11.768237412036006,13.363698945307014,12,0.013996260852918165
8,0.09868130900537214,0.2671361481057536,0.03229138178772853,lhs_017,1.0,0.5,0.0,-44.833333333333336,-71.75,-18.662500000000023,5.654161853099134,5.168564293849757,6.157368475655607,12.550473225613432,11.768237412036006,13.363698945307014,12,0.013996260852918165
8,0.09868130900537214,0.2671361481057536,0.03229138178772853,lhs_017,1.0,0.5,0.02,-44.833333333333336,-71.75,-18.662500000000023,5.654161853099134,5.168564293849757,6.157368475655607,12.550473225613432,11.768237412036006,13.363698945307014,12,0.013996260852918165
8,0.09868130900537214,0.2671361481057536,0.03229138178772853,lhs_017,1.0,0.5,0.1,-44.833333333333336,-71.75,-18.662500000000023,5.654161853099134,5.168564293849757,6.157368475655607,12.550473225613432,11.768237412036006,13.363698945307014,12,0.013996260852918165
8,0.09868130900537214,0.2671361481057536,0.03229138178772853,lhs_017,0.5,1.0,0.1,-44.833333333333336,-71.75,-18.662500000000023,5.654161853099134,5.168564293849757,6.157368475655607,12.550473225613432,11.768237412036006,13.363698945307014,12,0.013996260852918165
8,0.09868130900537214,0.2671361481057536,0.03229138178772853,lhs_017,0.5,2.0,0.0,-44.833333333333336,-71.75,-18.662500000000023,5.654161853099134,5.168564293849757,6.157368475655607,12.550473225613432,11.768237412036006,13.363698945307014,12,0.013996260852918165
8,0.09868130900537214,0.2671361481057536,0.03229138178772853,lhs_017,0.5,1.0,0.02,-44.833333333333336,-71.75,-18.662500000000023,5.654161853099134,5.168564293849757,6.157368475655607,12.550473225613432,11.768237412036006,13.363698945307014,12,0.013996260852918165
8,0.09868130900537214,0.2671361481057536,0.03229138178772853,lhs_017,0.3,2.0,0.1,-44.833333333333336,-71.75,-18.662500000000023,5.654161853099134,5.168564293849757,6.157368475655607,12.550473225613432,11.768237412036006,13.363698945307014,12,0.013996260852918165
8,0.09868130900537214,0.2671361481057536,0.03229138178772853,lhs_017,0.5,0.5,0.0,-44.833333333333336,-71.75,-18.662500000000023,5.654161853099134,5.168564293849757,6.157368475655607,12.550473225613432,11.768237412036006,13.363698945307014,12,0.013996260852918165
8,0.09868130900537214,0.2671361481057536,0.03229138178772853,lhs_017,0.5,0.5,0.02,-44.833333333333336,-71.75,-18.662500000000023,5.654161853099134,5.168564293849757,6.157368475655607,12.550473225613432,11.768237412036006,13.363698945307014,12,0.013996260852918165
8,0.09868130900537214,0.2671361481057536,0.03229138178772853,lhs_017,0.5,0.5,0.1,-44.833333333333336,-71.75,-18.662500000000023,5.654161853099134,5.168564293849757,6.157368475655607,12.550473225613432,11.768237412036006,13.363698945307014,12,0.013996260852918165
8,0.09868130900537214,0.2671361481057536,0.03229138178772853,lhs_017,0.5,1.0,0.0,-44.833333333333336,-71.75,-18.662500000000023,5.654161853099134,5.168564293849757,6.157368475655607,12.550473225613432,11.768237412036006,13.363698945307014,12,0.013996260852918165
8,0.09868130900537214,0.2671361481057536,0.03229138178772853,lhs_017,0.3,0.5,0.1,-44.833333333333336,-71.75,-18.662500000000023,5.654161853099134,5.168564293849757,6.157368475655607,12.550473225613432,11.768237412036006,13.363698945307014,12,0.013996260852918165
8,0.09868130900537214,0.2671361481057536,0.03229138178772853,lhs_017,0.3,0.5,0.0,-44.833333333333336,-71.75,-18.662500000000023,5.654161853099134,5.168564293849757,6.157368475655607,12.550473225613432,11.768237412036006,13.363698945307014,12,0.013996260852918165
8,0.09868130900537214,0.2671361481057536,0.03229138178772853,lhs_017,0.3,0.5,0.02,-44.833333333333336,-71.75,-18.662500000000023,5.654161853099134,5.168564293849757,6.157368475655607,12.550473225613432,11.768237412036006,13.363698945307014,12,0.013996260852918165
6,0.20770403057172648,0.21253487580263486,0.03607665864489508,lhs_006,1.0,2.0,0.0,-42.25,-70.5,-10.833333333333334,5.651549111418208,5.2821661391634835,6.041482821838564,17.340899066184644,16.664096024653794,18.12945374260986,12,-0.0037975157419647618
6,0.20770403057172648,0.21253487580263486,0.03607665864489508,lhs_006,1.0,1.0,0.02,-42.25,-70.5,-10.833333333333334,5.651549111418208,5.2821661391634835,6.041482821838564,17.340899066184644,16.664096024653794,18.12945374260986,12,-0.0037975157419647618
6,0.20770403057172648,0.21253487580263486,0.03607665864489508,lhs_006,0.5,1.0,0.0,-42.25,-70.5,-10.833333333333334,5.651549111418208,5.2821661391634835,6.041482821838564,17.340899066184644,16.664096024653794,18.12945374260986,12,-0.0037975157419647618
6,0.20770403057172648,0.21253487580263486,0.03607665864489508,lhs_006,0.5,0.5,0.02,-42.25,-70.5,-10.833333333333334,5.651549111418208,5.2821661391634835,6.041482821838564,17.340899066184644,16.664096024653794,18.12945374260986,12,-0.0037975157419647618
6,0.20770403057172648,0.21253487580263486,0.03607665864489508,lhs_006,0.5,1.0,0.02,-42.25,-70.5,-10.833333333333334,5.651549111418208,5.2821661391634835,6.041482821838564,17.340899066184644,16.664096024653794,18.12945374260986,12,-0.0037975157419647618
6,0.20770403057172648,0.21253487580263486,0.03607665864489508,lhs_006,0.3,1.0,0.0,-42.25,-70.5,-10.833333333333334,5.651549111418208,5.2821661391634835,6.041482821838564,17.340899066184644,16.664096024653794,18.12945374260986,12,-0.0037975157419647618
6,0.20770403057172648,0.21253487580263486,0.03607665864489508,lhs_006,0.3,0.5,0.1,-42.25,-70.5,-10.833333333333334,5.651549111418208,5.2821661391634835,6.041482821838564,17.340899066184644,16.664096024653794,18.12945374260986,12,-0.0037975157419647618
6,0.20770403057172648,0.21253487580263486,0.03607665864489508,lhs_006,0.3,1.0,0.1,-42.25,-70.5,-10.833333333333334,5.651549111418208,5.2821661391634835,6.041482821838564,17.340899066184644,16.664096024653794,18.12945374260986,12,-0.0037975157419647618
6,0.20770403057172648,0.21253487580263486,0.03607665864489508,lhs_006,0.5,0.5,0.1,-42.25,-70.5,-10.833333333333334,5.651549111418208,5.2821661391634835,6.041482821838564,17.340899066184644,16.664096024653794,18.12945374260986,12,-0.0037975157419647618
6,0.20770403057172648,0.21253487580263486,0.03607665864489508,lhs_006,0.5,0.5,0.0,-42.25,-70.5,-10.833333333333334,5.651549111418208,5.2821661391634835,6.041482821838564,17.340899066184644,16.664096024653794,18.12945374260986,12,-0.0037975157419647618
6,0.20770403057172648,0.21253487580263486,0.03607665864489508,lhs_006,0.3,2.0,0.1,-42.25,-70.5,-10.833333333333334,5.651549111418208,5.2821661391634835,6.041482821838564,17.340899066184644,16.664096024653794,18.12945374260986,12,-0.0037975157419647618
6,0.20770403057172648,0.21253487580263486,0.03607665864489508,lhs_006,0.3,2.0,0.0,-42.25,-70.5,-10.833333333333334,5.651549111418208,5.2821661391634835,6.041482821838564,17.340899066184644,16.664096024653794,18.12945374260986,12,-0.0037975157419647618
6,0.20770403057172648,0.21253487580263486,0.03607665864489508,lhs_006,0.3,2.0,0.02,-42.25,-70.5,-10.833333333333334,5.651549111418208,5.2821661391634835,6.041482821838564,17.340899066184644,16.664096024653794,18.12945374260986,12,-0.0037975157419647618
6,0.20770403057172648,0.21253487580263486,0.03607665864489508,lhs_006,0.5,2.0,0.02,-42.25,-70.5,-10.833333333333334,5.651549111418208,5.2821661391634835,6.041482821838564,17.340899066184644,16.664096024653794,18.12945374260986,12,-0.0037975157419647618
6,0.20770403057172648,0.21253487580263486,0.03607665864489508,lhs_006,0.5,2.0,0.0,-42.25,-70.5,-10.833333333333334,5.651549111418208,5.2821661391634835,6.041482821838564,17.340899066184644,16.664096024653794,18.12945374260986,12,-0.0037975157419647618
6,0.20770403057172648,0.21253487580263486,0.03607665864489508,lhs_006,1.0,1.0,0.1,-42.25,-70.5,-10.833333333333334,5.651549111418208,5.2821661391634835,6.041482821838564,17.340899066184644,16.664096024653794,18.12945374260986,12,-0.0037975157419647618
6,0.20770403057172648,0.21253487580263486,0.03607665864489508,lhs_006,0.3,1.0,0.02,-42.25,-70.5,-10.833333333333334,5.651549111418208,5.2821661391634835,6.041482821838564,17.340899066184644,16.664096024653794,18.12945374260986,12,-0.0037975157419647618
6,0.20770403057172648,0.21253487580263486,0.03607665864489508,lhs_006,0.3,0.5,0.02,-42.25,-70.5,-10.833333333333334,5.651549111418208,5.2821661391634835,6.041482821838564,17.340899066184644,16.664096024653794,18.12945374260986,12,-0.0037975157419647618
6,0.20770403057172648,0.21253487580263486,0.03607665864489508,lhs_006,1.0,1.0,0.0,-42.25,-70.5,-10.833333333333334,5.651549111418208,5.2821661391634835,6.041482821838564,17.340899066184644,16.664096024653794,18.12945374260986,12,-0.0037975157419647618
6,0.20770403057172648,0.21253487580263486,0.03607665864489508,lhs_006,1.0,0.5,0.02,-42.25,-70.5,-10.833333333333334,5.651549111418208,5.2821661391634835,6.041482821838564,17.340899066184644,16.664096024653794,18.12945374260986,12,-0.0037975157419647618
6,0.20770403057172648,0.21253487580263486,0.03607665864489508,lhs_006,1.0,0.5,0.1,-42.25,-70.5,-10.833333333333334,5.651549111418208,5.2821661391634835,6.041482821838564,17.340899066184644,16.664096024653794,18.12945374260986,12,-0.0037975157419647618
6,0.20770403057172648,0.21253487580263486,0.03607665864489508,lhs_006,0.5,1.0,0.1,-42.25,-70.5,-10.833333333333334,5.651549111418208,5.2821661391634835,6.041482821838564,17.340899066184644,16.664096024653794,18.12945374260986,12,-0.0037975157419647618
6,0.20770403057172648,0.21253487580263486,0.03607665864489508,lhs_006,0.5,2.0,0.1,-42.25,-70.5,-10.833333333333334,5.651549111418208,5.2821661391634835,6.041482821838564,17.340899066184644,16.664096024653794,18.12945374260986,12,-0.0037975157419647618
6,0.20770403057172648,0.21253487580263486,0.03607665864489508,lhs_006,1.0,0.5,0.0,-42.25,-70.5,-10.833333333333334,5.651549111418208,5.2821661391634835,6.041482821838564,17.340899066184644,16.664096024653794,18.12945374260986,12,-0.0037975157419647618
6,0.20770403057172648,0.21253487580263486,0.03607665864489508,lhs_006,1.0,2.0,0.02,-42.25,-70.5,-10.833333333333334,5.651549111418208,5.2821661391634835,6.041482821838564,17.340899066184644,16.664096024653794,18.12945374260986,12,-0.0037975157419647618
6,0.20770403057172648,0.21253487580263486,0.03607665864489508,lhs_006,1.0,2.0,0.1,-42.25,-70.5,-10.833333333333334,5.651549111418208,5.2821661391634835,6.041482821838564,17.340899066184644,16.664096024653794,18.12945374260986,12,-0.0037975157419647618
6,0.20770403057172648,0.21253487580263486,0.03607665864489508,lhs_006,0.3,0.5,0.0,-42.25,-70.5,-10.833333333333334,5.651549111418208,5.2821661391634835,6.041482821838564,17.340899066184644,16.664096024653794,18.12945374260986,12,-0.0037975157419647618
7,0.1263814020706375,0.08832445605054688,0.09856881921316372,lhs_009,0.5,0.5,0.1,-87.25,-124.75,-47.49583333333336,5.423180570519128,5.138972109592846,5.721075282730719,11.37573961083156,10.413525446737184,12.295823545980964,12,-0.017528899181070146
7,0.1263814020706375,0.08832445605054688,0.09856881921316372,lhs_009,0.5,1.0,0.0,-87.25,-124.75,-47.49583333333336,5.423180570519128,5.138972109592846,5.721075282730719,11.37573961083156,10.413525446737184,12.295823545980964,12,-0.017528899181070146
7,0.1263814020706375,0.08832445605054688,0.09856881921316372,lhs_009,0.5,2.0,0.0,-87.25,-124.75,-47.49583333333336,5.423180570519128,5.138972109592846,5.721075282730719,11.37573961083156,10.413525446737184,12.295823545980964,12,-0.017528899181070146
7,0.1263814020706375,0.08832445605054688,0.09856881921316372,lhs_009,0.5,1.0,0.1,-87.25,-124.75,-47.49583333333336,5.423180570519128,5.138972109592846,5.721075282730719,11.37573961083156,10.413525446737184,12.295823545980964,12,-0.017528899181070146
7,0.1263814020706375,0.08832445605054688,0.09856881921316372,lhs_009,0.5,1.0,0.02,-87.25,-124.75,-47.49583333333336,5.423180570519128,5.138972109592846,5.721075282730719,11.37573961083156,10.413525446737184,12.295823545980964,12,-0.017528899181070146
7,0.1263814020706375,0.08832445605054688,0.09856881921316372,lhs_009,1.0,0.5,0.1,-87.25,-124.75,-47.49583333333336,5.423180570519128,5.138972109592846,5.721075282730719,11.37573961083156,10.413525446737184,12.295823545980964,12,-0.017528899181070146
7,0.1263814020706375,0.08832445605054688,0.09856881921316372,lhs_009,1.0,0.5,0.02,-87.25,-124.75,-47.49583333333336,5.423180570519128,5.138972109592846,5.721075282730719,11.37573961083156,10.413525446737184,12.295823545980964,12,-0.017528899181070146
7,0.1263814020706375,0.08832445605054688,0.09856881921316372,lhs_009,0.5,2.0,0.02,-87.25,-124.75,-47.49583333333336,5.423180570519128,5.138972109592846,5.721075282730719,11.37573961083156,10.413525446737184,12.295823545980964,12,-0.017528899181070146
7,0.1263814020706375,0.08832445605054688,0.09856881921316372,lhs_009,1.0,0.5,0.0,-87.25,-124.75,-47.49583333333336,5.423180570519128,5.138972109592846,5.721075282730719,11.37573961083156,10.413525446737184,12.295823545980964,12,-0.017528899181070146
7,0.1263814020706375,0.08832445605054688,0.09856881921316372,lhs_009,0.5,2.0,0.1,-87.25,-124.75,-47.49583333333336,5.423180570519128,5.138972109592846,5.721075282730719,11.37573961083156,10.413525446737184,12.295823545980964,12,-0.017528899181070146
7,0.1263814020706375,0.08832445605054688,0.09856881921316372,lhs_009,1.0,2.0,0.0,-87.25,-124.75,-47.49583333333336,5.423180570519128,5.138972109592846,5.721075282730719,11.37573961083156,10.413525446737184,12.295823545980964,12,-0.017528899181070146
7,0.1263814020706375,0.08832445605054688,0.09856881921316372,lhs_009,1.0,2.0,0.1,-87.25,-124.75,-47.49583333333336,5.423180570519128,5.138972109592846,5.721075282730719,11.37573961083156,10.413525446737184,12.295823545980964,12,-0.017528899181070146
7,0.1263814020706375,0.08832445605054688,0.09856881921316372,lhs_009,0.5,0.5,0.02,-87.25,-124.75,-47.49583333333336,5.423180570519128,5.138972109592846,5.721075282730719,11.37573961083156,10.413525446737184,12.295823545980964,12,-0.017528899181070146
7,0.1263814020706375,0.08832445605054688,0.09856881921316372,lhs_009,0.5,0.5,0.0,-87.25,-124.75,-47.49583333333336,5.423180570519128,5.138972109592846,5.721075282730719,11.37573961083156,10.413525446737184,12.295823545980964,12,-0.017528899181070146
7,0.1263814020706375,0.08832445605054688,0.09856881921316372,lhs_009,0.3,2.0,0.1,-87.25,-124.75,-47.49583333333336,5.423180570519128,5.138972109592846,5.721075282730719,11.37573961083156,10.413525446737184,12.295823545980964,12,-0.017528899181070146
7,0.1263814020706375,0.08832445605054688,0.09856881921316372,lhs_009,0.3,0.5,0.0,-87.25,-124.75,-47.49583333333336,5.423180570519128,5.138972109592846,5.721075282730719,11.37573961083156,10.413525446737184,12.295823545980964,12,-0.017528899181070146
7,0.1263814020706375,0.08832445605054688,0.09856881921316372,lhs_009,0.3,0.5,0.1,-87.25,-124.75,-47.49583333333336,5.423180570519128,5.138972109592846,5.721075282730719,11.37573961083156,10.413525446737184,12.295823545980964,12,-0.017528899181070146
7,0.1263814020706375,0.08832445605054688,0.09856881921316372,lhs_009,0.3,0.5,0.02,-87.25,-124.75,-47.49583333333336,5.423180570519128,5.138972109592846,5.721075282730719,11.37573961083156,10.413525446737184,12.295823545980964,12,-0.017528899181070146
7,0.1263814020706375,0.08832445605054688,0.09856881921316372,lhs_009,1.0,1.0,0.1,-87.25,-124.75,-47.49583333333336,5.423180570519128,5.138972109592846,5.721075282730719,11.37573961083156,10.413525446737184,12.295823545980964,12,-0.017528899181070146
7,0.1263814020706375,0.08832445605054688,0.09856881921316372,lhs_009,1.0,1.0,0.02,-87.25,-124.75,-47.49583333333336,5.423180570519128,5.138972109592846,5.721075282730719,11.37573961083156,10.413525446737184,12.295823545980964,12,-0.017528899181070146
7,0.1263814020706375,0.08832445605054688,0.09856881921316372,lhs_009,1.0,1.0,0.0,-87.25,-124.75,-47.49583333333336,5.423180570519128,5.138972109592846,5.721075282730719,11.37573961083156,10.413525446737184,12.295823545980964,12,-0.017528899181070146
7,0.1263814020706375,0.08832445605054688,0.09856881921316372,lhs_009,0.3,1.0,0.0,-87.25,-124.75,-47.49583333333336,5.423180570519128,5.138972109592846,5.721075282730719,11.37573961083156,10.413525446737184,12.295823545980964,12,-0.017528899181070146
7,0.1263814020706375,0.08832445605054688,0.09856881921316372,lhs_009,0.3,1.0,0.02,-87.25,-124.75,-47.49583333333336,5.423180570519128,5.138972109592846,5.721075282730719,11.37573961083156,10.413525446737184,12.295823545980964,12,-0.017528899181070146
7,0.1263814020706375,0.08832445605054688,0.09856881921316372,lhs_009,0.3,1.0,0.1,-87.25,-124.75,-47.49583333333336,5.423180570519128,5.138972109592846,5.721075282730719,11.37573961083156,10.413525446737184,12.295823545980964,12,-0.017528899181070146
7,0.1263814020706375,0.08832445605054688,0.09856881921316372,lhs_009,0.3,2.0,0.0,-87.25,-124.75,-47.49583333333336,5.423180570519128,5.138972109592846,5.721075282730719,11.37573961083156,10.413525446737184,12.295823545980964,12,-0.017528899181070146
7,0.1263814020706375,0.08832445605054688,0.09856881921316372,lhs_009,0.3,2.0,0.02,-87.25,-124.75,-47.49583333333336,5.423180570519128,5.138972109592846,5.721075282730719,11.37573961083156,10.413525446737184,12.295823545980964,12,-0.017528899181070146
7,0.1263814020706375,0.08832445605054688,0.09856881921316372,lhs_009,1.0,2.0,0.02,-87.25,-124.75,-47.49583333333336,5.423180570519128,5.138972109592846,5.721075282730719,11.37573961083156,10.413525446737184,12.295823545980964,12,-0.017528899181070146
5,0.2260905552840285,0.05491705280291025,0.06508201375606401,lhs_001,0.5,0.5,0.02,-100.41666666666667,-120.25208333333333,-78.9104166666667,5.332480348436414,4.815540753787243,5.847299167328222,17.580313173976414,15.82157163081186,19.23080963185057,12,-0.06162994627087697
5,0.2260905552840285,0.05491705280291025,0.06508201375606401,lhs_001,0.5,0.5,0.0,-100.41666666666667,-120.25208333333333,-78.9104166666667,5.332480348436414,4.815540753787243,5.847299167328222,17.580313173976414,15.82157163081186,19.23080963185057,12,-0.06162994627087697
5,0.2260905552840285,0.05491705280291025,0.06508201375606401,lhs_001,1.0,2.0,0.0,-100.41666666666667,-120.25208333333333,-78.9104166666667,5.332480348436414,4.815540753787243,5.847299167328222,17.580313173976414,15.82157163081186,19.23080963185057,12,-0.06162994627087697
5,0.2260905552840285,0.05491705280291025,0.06508201375606401,lhs_001,1.0,1.0,0.02,-100.41666666666667,-120.25208333333333,-78.9104166666667,5.332480348436414,4.815540753787243,5.847299167328222,17.580313173976414,15.82157163081186,19.23080963185057,12,-0.06162994627087697
5,0.2260905552840285,0.05491705280291025,0.06508201375606401,lhs_001,1.0,1.0,0.0,-100.41666666666667,-120.25208333333333,-78.9104166666667,5.332480348436414,4.815540753787243,5.847299167328222,17.580313173976414,15.82157163081186,19.23080963185057,12,-0.06162994627087697
5,0.2260905552840285,0.05491705280291025,0.06508201375606401,lhs_001,0.3,2.0,0.0,-100.41666666666667,-120.25208333333333,-78.9104166666667,5.332480348436414,4.815540753787243,5.847299167328222,17.580313173976414,15.82157163081186,19.23080963185057,12,-0.06162994627087697
5,0.2260905552840285,0.05491705280291025,0.06508201375606401,lhs_001,0.3,1.0,0.1,-100.41666666666667,-120.25208333333333,-78.9104166666667,5.332480348436414,4.815540753787243,5.847299167328222,17.580313173976414,15.82157163081186,19.23080963185057,12,-0.06162994627087697
5,0.2260905552840285,0.05491705280291025,0.06508201375606401,lhs_001,0.5,1.0,0.02,-100.41666666666667,-120.25208333333333,-78.9104166666667,5.332480348436414,4.815540753787243,5.847299167328222,17.580313173976414,15.82157163081186,19.23080963185057,12,-0.06162994627087697
5,0.2260905552840285,0.05491705280291025,0.06508201375606401,lhs_001,0.5,1.0,0.1,-100.41666666666667,-120.25208333333333,-78.9104166666667,5.332480348436414,4.815540753787243,5.847299167328222,17.580313173976414,15.82157163081186,19.23080963185057,12,-0.06162994627087697
5,0.2260905552840285,0.05491705280291025,0.06508201375606401,lhs_001,0.5,1.0,0.0,-100.41666666666667,-120.25208333333333,-78.9104166666667,5.332480348436414,4.815540753787243,5.847299167328222,17.580313173976414,15.82157163081186,19.23080963185057,12,-0.06162994627087697
5,0.2260905552840285,0.05491705280291025,0.06508201375606401,lhs_001,0.5,0.5,0.1,-100.41666666666667,-120.25208333333333,-78.9104166666667,5.332480348436414,4.815540753787243,5.847299167328222,17.580313173976414,15.82157163081186,19.23080963185057,12,-0.06162994627087697
5,0.2260905552840285,0.05491705280291025,0.06508201375606401,lhs_001,0.3,2.0,0.1,-100.41666666666667,-120.25208333333333,-78.9104166666667,5.332480348436414,4.815540753787243,5.847299167328222,17.580313173976414,15.82157163081186,19.23080963185057,12,-0.06162994627087697
5,0.2260905552840285,0.05491705280291025,0.06508201375606401,lhs_001,0.3,0.5,0.0,-100.41666666666667,-120.25208333333333,-78.9104166666667,5.332480348436414,4.815540753787243,5.847299167328222,17.580313173976414,15.82157163081186,19.23080963185057,12,-0.06162994627087697
5,0.2260905552840285,0.05491705280291025,0.06508201375606401,lhs_001,0.3,0.5,0.02,-100.41666666666667,-120.25208333333333,-78.9104166666667,5.332480348436414,4.815540753787243,5.847299167328222,17.580313173976414,15.82157163081186,19.23080963185057,12,-0.06162994627087697
5,0.2260905552840285,0.05491705280291025,0.06508201375606401,lhs_001,0.3,1.0,0.02,-100.41666666666667,-120.25208333333333,-78.9104166666667,5.332480348436414,4.815540753787243,5.847299167328222,17.580313173976414,15.82157163081186,19.23080963185057,12,-0.06162994627087697
5,0.2260905552840285,0.05491705280291025,0.06508201375606401,lhs_001,0.3,1.0,0.0,-100.41666666666667,-120.25208333333333,-78.9104166666667,5.332480348436414,4.815540753787243,5.847299167328222,17.580313173976414,15.82157163081186,19.23080963185057,12,-0.06162994627087697
5,0.2260905552840285,0.05491705280291025,0.06508201375606401,lhs_001,0.3,0.5,0.1,-100.41666666666667,-120.25208333333333,-78.9104166666667,5.332480348436414,4.815540753787243,5.847299167328222,17.580313173976414,15.82157163081186,19.23080963185057,12,-0.06162994627087697
5,0.2260905552840285,0.05491705280291025,0.06508201375606401,lhs_001,1.0,0.5,0.1,-100.41666666666667,-120.25208333333333,-78.9104166666667,5.332480348436414,4.815540753787243,5.847299167328222,17.580313173976414,15.82157163081186,19.23080963185057,12,-0.06162994627087697
5,0.2260905552840285,0.05491705280291025,0.06508201375606401,lhs_001,1.0,0.5,0.02,-100.41666666666667,-120.25208333333333,-78.9104166666667,5.332480348436414,4.815540753787243,5.847299167328222,17.580313173976414,15.82157163081186,19.23080963185057,12,-0.06162994627087697
5,0.2260905552840285,0.05491705280291025,0.06508201375606401,lhs_001,0.5,2.0,0.02,-100.41666666666667,-120.25208333333333,-78.9104166666667,5.332480348436414,4.815540753787243,5.847299167328222,17.580313173976414,15.82157163081186,19.23080963185057,12,-0.06162994627087697
5,0.2260905552840285,0.05491705280291025,0.06508201375606401,lhs_001,0.5,2.0,0.0,-100.41666666666667,-120.25208333333333,-78.9104166666667,5.332480348436414,4.815540753787243,5.847299167328222,17.580313173976414,15.82157163081186,19.23080963185057,12,-0.06162994627087697
5,0.2260905552840285,0.05491705280291025,0.06508201375606401,lhs_001,1.0,0.5,0.0,-100.41666666666667,-120.25208333333333,-78.9104166666667,5.332480348436414,4.815540753787243,5.847299167328222,17.580313173976414,15.82157163081186,19.23080963185057,12,-0.06162994627087697
5,0.2260905552840285,0.05491705280291025,0.06508201375606401,lhs_001,0.5,2.0,0.1,-100.41666666666667,-120.25208333333333,-78.9104166666667,5.332480348436414,4.815540753787243,5.847299167328222,17.580313173976414,15.82157163081186,19.23080963185057,12,-0.06162994627087697
5,0.2260905552840285,0.05491705280291025,0.06508201375606401,lhs_001,1.0,1.0,0.1,-100.41666666666667,-120.25208333333333,-78.9104166666667,5.332480348436414,4.815540753787243,5.847299167328222,17.580313173976414,15.82157163081186,19.23080963185057,12,-0.06162994627087697
5,0.2260905552840285,0.05491705280291025,0.06508201375606401,lhs_001,0.3,2.0,0.02,-100.41666666666667,-120.25208333333333,-78.9104166666667,5.332480348436414,4.815540753787243,5.847299167328222,17.580313173976414,15.82157163081186,19.23080963185057,12,-0.06162994627087697
5,0.2260905552840285,0.05491705280291025,0.06508201375606401,lhs_001,1.0,2.0,0.1,-100.41666666666667,-120.25208333333333,-78.9104166666667,5.332480348436414,4.815540753787243,5.847299167328222,17.580313173976414,15.82157163081186,19.23080963185057,12,-0.06162994627087697
5,0.2260905552840285,0.05491705280291025,0.06508201375606401,lhs_001,1.0,2.0,0.02,-100.41666666666667,-120.25208333333333,-78.9104166666667,5.332480348436414,4.815540753787243,5.847299167328222,17.580313173976414,15.82157163081186,19.23080963185057,12,-0.06162994627087697
8,0.22344645904375543,0.1291171948163296,0.05741124195370299,lhs_005,0.5,1.0,0.1,-50.416666666666664,-78.33541666666666,-23.99791666666668,5.690338362952694,5.190092143442402,6.212401035899899,11.98002240527421,11.071248684544114,12.897984780378946,12,-0.09442913663116151
8,0.22344645904375543,0.1291171948163296,0.05741124195370299,lhs_005,0.5,2.0,0.1,-50.416666666666664,-78.33541666666666,-23.99791666666668,5.690338362952694,5.190092143442402,6.212401035899899,11.98002240527421,11.071248684544114,12.897984780378946,12,-0.09442913663116151
8,0.22344645904375543,0.1291171948163296,0.05741124195370299,lhs_005,1.0,1.0,0.02,-50.416666666666664,-78.33541666666666,-23.99791666666668,5.690338362952694,5.190092143442402,6.212401035899899,11.98002240527421,11.071248684544114,12.897984780378946,12,-0.09442913663116151
8,0.22344645904375543,0.1291171948163296,0.05741124195370299,lhs_005,1.0,1.0,0.1,-50.416666666666664,-78.33541666666666,-23.99791666666668,5.690338362952694,5.190092143442402,6.212401035899899,11.98002240527421,11.071248684544114,12.897984780378946,12,-0.09442913663116151
8,0.22344645904375543,0.1291171948163296,0.05741124195370299,lhs_005,0.3,0.5,0.02,-50.416666666666664,-78.33541666666666,-23.99791666666668,5.690338362952694,5.190092143442402,6.212401035899899,11.98002240527421,11.071248684544114,12.897984780378946,12,-0.09442913663116151
8,0.22344645904375543,0.1291171948163296,0.05741124195370299,lhs_005,0.3,0.5,0.0,-50.416666666666664,-78.33541666666666,-23.99791666666668,5.690338362952694,5.190092143442402,6.212401035899899,11.98002240527421,11.071248684544114,12.897984780378946,12,-0.09442913663116151
8,0.22344645904375543,0.1291171948163296,0.05741124195370299,lhs_005,1.0,2.0,0.0,-50.416666666666664,-78.33541666666666,-23.99791666666668,5.690338362952694,5.190092143442402,6.212401035899899,11.98002240527421,11.071248684544114,12.897984780378946,12,-0.09442913663116151
8,0.22344645904375543,0.1291171948163296,0.05741124195370299,lhs_005,0.3,1.0,0.1,-50.416666666666664,-78.33541666666666,-23.99791666666668,5.690338362952694,5.190092143442402,6.212401035899899,11.98002240527421,11.071248684544114,12.897984780378946,12,-0.09442913663116151
8,0.22344645904375543,0.1291171948163296,0.05741124195370299,lhs_005,0.3,2.0,0.02,-50.416666666666664,-78.33541666666666,-23.99791666666668,5.690338362952694,5.190092143442402,6.212401035899899,11.98002240527421,11.071248684544114,12.897984780378946,12,-0.09442913663116151
8,0.22344645904375543,0.1291171948163296,0.05741124195370299,lhs_005,0.3,0.5,0.1,-50.416666666666664,-78.33541666666666,-23.99791666666668,5.690338362952694,5.190092143442402,6.212401035899899,11.98002240527421,11.071248684544114,12.897984780378946,12,-0.09442913663116151
8,0.22344645904375543,0.1291171948163296,0.05741124195370299,lhs_005,0.3,1.0,0.02,-50.416666666666664,-78.33541666666666,-23.99791666666668,5.690338362952694,5.190092143442402,6.212401035899899,11.98002240527421,11.071248684544114,12.897984780378946,12,-0.09442913663116151
8,0.22344645904375543,0.1291171948163296,0.05741124195370299,lhs_005,0.3,1.0,0.0,-50.416666666666664,-78.33541666666666,-23.99791666666668,5.690338362952694,5.190092143442402,6.212401035899899,11.98002240527421,11.071248684544114,12.897984780378946,12,-0.09442913663116151
8,0.22344645904375543,0.1291171948163296,0.05741124195370299,lhs_005,1.0,1.0,0.0,-50.416666666666664,-78.33541666666666,-23.99791666666668,5.690338362952694,5.190092143442402,6.212401035899899,11.98002240527421,11.071248684544114,12.897984780378946,12,-0.09442913663116151
8,0.22344645904375543,0.1291171948163296,0.05741124195370299,lhs_005,1.0,0.5,0.1,-50.416666666666664,-78.33541666666666,-23.99791666666668,5.690338362952694,5.190092143442402,6.212401035899899,11.98002240527421,11.071248684544114,12.897984780378946,12,-0.09442913663116151
8,0.22344645904375543,0.1291171948163296,0.05741124195370299,lhs_005,0.5,2.0,0.02,-50.416666666666664,-78.33541666666666,-23.99791666666668,5.690338362952694,5.190092143442402,6.212401035899899,11.98002240527421,11.071248684544114,12.897984780378946,12,-0.09442913663116151
8,0.22344645904375543,0.1291171948163296,0.05741124195370299,lhs_005,0.5,2.0,0.0,-50.416666666666664,-78.33541666666666,-23.99791666666668,5.690338362952694,5.190092143442402,6.212401035899899,11.98002240527421,11.071248684544114,12.897984780378946,12,-0.09442913663116151
8,0.22344645904375543,0.1291171948163296,0.05741124195370299,lhs_005,0.5,1.0,0.0,-50.416666666666664,-78.33541666666666,-23.99791666666668,5.690338362952694,5.190092143442402,6.212401035899899,11.98002240527421,11.071248684544114,12.897984780378946,12,-0.09442913663116151
8,0.22344645904375543,0.1291171948163296,0.05741124195370299,lhs_005,0.5,1.0,0.02,-50.416666666666664,-78.33541666666666,-23.99791666666668,5.690338362952694,5.190092143442402,6.212401035899899,11.98002240527421,11.071248684544114,12.897984780378946,12,-0.09442913663116151
8,0.22344645904375543,0.1291171948163296,0.05741124195370299,lhs_005,0.5,0.5,0.1,-50.416666666666664,-78.33541666666666,-23.99791666666668,5.690338362952694,5.190092143442402,6.212401035899899,11.98002240527421,11.071248684544114,12.897984780378946,12,-0.09442913663116151
8,0.22344645904375543,0.1291171948163296,0.05741124195370299,lhs_005,1.0,0.5,0.0,-50.416666666666664,-78.33541666666666,-23.99791666666668,5.690338362952694,5.190092143442402,6.212401035899899,11.98002240527421,11.071248684544114,12.897984780378946,12,-0.09442913663116151
8,0.22344645904375543,0.1291171948163296,0.05741124195370299,lhs_005,1.0,0.5,0.02,-50.416666666666664,-78.33541666666666,-23.99791666666668,5.690338362952694,5.190092143442402,6.212401035899899,11.98002240527421,11.071248684544114,12.897984780378946,12,-0.09442913663116151
8,0.22344645904375543,0.1291171948163296,0.05741124195370299,lhs_005,0.3,2.0,0.0,-50.416666666666664,-78.33541666666666,-23.99791666666668,5.690338362952694,5.190092143442402,6.212401035899899,11.98002240527421,11.071248684544114,12.897984780378946,12,-0.09442913663116151
8,0.22344645904375543,0.1291171948163296,0.05741124195370299,lhs_005,1.0,2.0,0.1,-50.416666666666664,-78.33541666666666,-23.99791666666668,5.690338362952694,5.190092143442402,6.212401035899899,11.98002240527421,11.071248684544114,12.897984780378946,12,-0.09442913663116151
8,0.22344645904375543,0.1291171948163296,0.05741124195370299,lhs_005,1.0,2.0,0.02,-50.416666666666664,-78.33541666666666,-23.99791666666668,5.690338362952694,5.190092143442402,6.212401035899899,11.98002240527421,11.071248684544114,12.897984780378946,12,-0.09442913663116151
8,0.22344645904375543,0.1291171948163296,0.05741124195370299,lhs_005,0.5,0.5,0.0,-50.416666666666664,-78.33541666666666,-23.99791666666668,5.690338362952694,5.190092143442402,6.212401035899899,11.98002240527421,11.071248684544114,12.897984780378946,12,-0.09442913663116151
8,0.22344645904375543,0.1291171948163296,0.05741124195370299,lhs_005,0.5,0.5,0.02,-50.416666666666664,-78.33541666666666,-23.99791666666668,5.690338362952694,5.190092143442402,6.212401035899899,11.98002240527421,11.071248684544114,12.897984780378946,12,-0.09442913663116151
8,0.22344645904375543,0.1291171948163296,0.05741124195370299,lhs_005,0.3,2.0,0.1,-50.416666666666664,-78.33541666666666,-23.99791666666668,5.690338362952694,5.190092143442402,6.212401035899899,11.98002240527421,11.071248684544114,12.897984780378946,12,-0.09442913663116151
5,0.10137157059994009,0.20966053008083274,0.02550725142125583,lhs_011,0.3,0.5,0.1,-75.75,-106.5,-43.83125000000001,5.570672433873997,5.244303019089267,5.969733654018004,18.665630674920973,17.54971452895746,19.76933819695841,12,-0.21641022004805893
5,0.10137157059994009,0.20966053008083274,0.02550725142125583,lhs_011,0.3,0.5,0.0,-75.75,-106.5,-43.83125000000001,5.570672433873997,5.244303019089267,5.969733654018004,18.665630674920973,17.54971452895746,19.76933819695841,12,-0.21641022004805893
5,0.10137157059994009,0.20966053008083274,0.02550725142125583,lhs_011,1.0,0.5,0.02,-75.75,-106.5,-43.83125000000001,5.570672433873997,5.244303019089267,5.969733654018004,18.665630674920973,17.54971452895746,19.76933819695841,12,-0.21641022004805893
5,0.10137157059994009,0.20966053008083274,0.02550725142125583,lhs_011,1.0,0.5,0.1,-75.75,-106.5,-43.83125000000001,5.570672433873997,5.244303019089267,5.969733654018004,18.665630674920973,17.54971452895746,19.76933819695841,12,-0.21641022004805893
5,0.10137157059994009,0.20966053008083274,0.02550725142125583,lhs_011,0.5,2.0,0.1,-75.75,-106.5,-43.83125000000001,5.570672433873997,5.244303019089267,5.969733654018004,18.665630674920973,17.54971452895746,19.76933819695841,12,-0.21641022004805893
5,0.10137157059994009,0.20966053008083274,0.02550725142125583,lhs_011,0.5,2.0,0.02,-75.75,-106.5,-43.83125000000001,5.570672433873997,5.244303019089267,5.969733654018004,18.665630674920973,17.54971452895746,19.76933819695841,12,-0.21641022004805893
5,0.10137157059994009,0.20966053008083274,0.02550725142125583,lhs_011,0.5,2.0,0.0,-75.75,-106.5,-43.83125000000001,5.570672433873997,5.244303019089267,5.969733654018004,18.665630674920973,17.54971452895746,19.76933819695841,12,-0.21641022004805893
5,0.10137157059994009,0.20966053008083274,0.02550725142125583,lhs_011,0.5,1.0,0.1,-75.75,-106.5,-43.83125000000001,5.570672433873997,5.244303019089267,5.969733654018004,18.665630674920973,17.54971452895746,19.76933819695841,12,-0.21641022004805893
5,0.10137157059994009,0.20966053008083274,0.02550725142125583,lhs_011,0.5,1.0,0.02,-75.75,-106.5,-43.83125000000001,5.570672433873997,5.244303019089267,5.969733654018004,18.665630674920973,17.54971452895746,19.76933819695841,12,-0.21641022004805893
5,0.10137157059994009,0.20966053008083274,0.02550725142125583,lhs_011,0.5,1.0,0.0,-75.75,-106.5,-43.83125000000001,5.570672433873997,5.244303019089267,5.969733654018004,18.665630674920973,17.54971452895746,19.76933819695841,12,-0.21641022004805893
5,0.10137157059994009,0.20966053008083274,0.02550725142125583,lhs_011,0.5,0.5,0.1,-75.75,-106.5,-43.83125000000001,5.570672433873997,5.244303019089267,5.969733654018004,18.665630674920973,17.54971452895746,19.76933819695841,12,-0.21641022004805893
5,0.10137157059994009,0.20966053008083274,0.02550725142125583,lhs_011,1.0,0.5,0.0,-75.75,-106.5,-43.83125000000001,5.570672433873997,5.244303019089267,5.969733654018004,18.665630674920973,17.54971452895746,19.76933819695841,12,-0.21641022004805893
5,0.10137157059994009,0.20966053008083274,0.02550725142125583,lhs_011,1.0,2.0,0.0,-75.75,-106.5,-43.83125000000001,5.570672433873997,5.244303019089267,5.969733654018004,18.665630674920973,17.54971452895746,19.76933819695841,12,-0.21641022004805893
5,0.10137157059994009,0.20966053008083274,0.02550725142125583,lhs_011,1.0,2.0,0.1,-75.75,-106.5,-43.83125000000001,5.570672433873997,5.244303019089267,5.969733654018004,18.665630674920973,17.54971452895746,19.76933819695841,12,-0.21641022004805893
5,0.10137157059994009,0.20966053008083274,0.02550725142125583,lhs_011,1.0,1.0,0.1,-75.75,-106.5,-43.83125000000001,5.570672433873997,5.244303019089267,5.969733654018004,18.665630674920973,17.54971452895746,19.76933819695841,12,-0.21641022004805893
5,0.10137157059994009,0.20966053008083274,0.02550725142125583,lhs_011,1.0,1.0,0.0,-75.75,-106.5,-43.83125000000001,5.570672433873997,5.244303019089267,5.969733654018004,18.665630674920973,17.54971452895746,19.76933819695841,12,-0.21641022004805893
5,0.10137157059994009,0.20966053008083274,0.02550725142125583,lhs_011,1.0,1.0,0.02,-75.75,-106.5,-43.83125000000001,5.570672433873997,5.244303019089267,5.969733654018004,18.665630674920973,17.54971452895746,19.76933819695841,12,-0.21641022004805893
5,0.10137157059994009,0.20966053008083274,0.02550725142125583,lhs_011,0.5,0.5,0.0,-75.75,-106.5,-43.83125000000001,5.570672433873997,5.244303019089267,5.969733654018004,18.665630674920973,17.54971452895746,19.76933819695841,12,-0.21641022004805893
5,0.10137157059994009,0.20966053008083274,0.02550725142125583,lhs_011,0.5,0.5,0.02,-75.75,-106.5,-43.83125000000001,5.570672433873997,5.244303019089267,5.969733654018004,18.665630674920973,17.54971452895746,19.76933819695841,12,-0.21641022004805893
5,0.10137157059994009,0.20966053008083274,0.02550725142125583,lhs_011,1.0,2.0,0.02,-75.75,-106.5,-43.83125000000001,5.570672433873997,5.244303019089267,5.969733654018004,18.665630674920973,17.54971452895746,19.76933819695841,12,-0.21641022004805893
5,0.10137157059994009,0.20966053008083274,0.02550725142125583,lhs_011,0.3,0.5,0.02,-75.75,-106.5,-43.83125000000001,5.570672433873997,5.244303019089267,5.969733654018004,18.665630674920973,17.54971452895746,19.76933819695841,12,-0.21641022004805893
5,0.10137157059994009,0.20966053008083274,0.02550725142125583,lhs_011,0.3,1.0,0.0,-75.75,-106.5,-43.83125000000001,5.570672433873997,5.244303019089267,5.969733654018004,18.665630674920973,17.54971452895746,19.76933819695841,12,-0.21641022004805893
5,0.10137157059994009,0.20966053008083274,0.02550725142125583,lhs_011,0.3,1.0,0.02,-75.75,-106.5,-43.83125000000001,5.570672433873997,5.244303019089267,5.969733654018004,18.665630674920973,17.54971452895746,19.76933819695841,12,-0.21641022004805893
5,0.10137157059994009,0.20966053008083274,0.02550725142125583,lhs_011,0.3,2.0,0.02,-75.75,-106.5,-43.83125000000001,5.570672433873997,5.244303019089267,5.969733654018004,18.665630674920973,17.54971452895746,19.76933819695841,12,-0.21641022004805893
5,0.10137157059994009,0.20966053008083274,0.02550725142125583,lhs_011,0.3,2.0,0.1,-75.75,-106.5,-43.83125000000001,5.570672433873997,5.244303019089267,5.969733654018004,18.665630674920973,17.54971452895746,19.76933819695841,12,-0.21641022004805893
5,0.10137157059994009,0.20966053008083274,0.02550725142125583,lhs_011,0.3,1.0,0.1,-75.75,-106.5,-43.83125000000001,5.570672433873997,5.244303019089267,5.969733654018004,18.665630674920973,17.54971452895746,19.76933819695841,12,-0.21641022004805893
5,0.10137157059994009,0.20966053008083274,0.02550725142125583,lhs_011,0.3,2.0,0.0,-75.75,-106.5,-43.83125000000001,5.570672433873997,5.244303019089267,5.969733654018004,18.665630674920973,17.54971452895746,19.76933819695841,12,-0.21641022004805893
5,0.0745801803086817,0.2908793069196257,0.07129737751758977,lhs_003,0.5,1.0,0.1,-60.5,-90.75416666666666,-26.991666666666713,5.660502403565977,5.260043730474207,6.096439725056474,20.79753406155699,19.475003658428125,22.037118126630467,12,-0.23310527035018205
5,0.0745801803086817,0.2908793069196257,0.07129737751758977,lhs_003,0.5,1.0,0.02,-60.5,-90.75416666666666,-26.991666666666713,5.660502403565977,5.260043730474207,6.096439725056474,20.79753406155699,19.475003658428125,22.037118126630467,12,-0.23310527035018205
5,0.0745801803086817,0.2908793069196257,0.07129737751758977,lhs_003,1.0,0.5,0.1,-60.5,-90.75416666666666,-26.991666666666713,5.660502403565977,5.260043730474207,6.096439725056474,20.79753406155699,19.475003658428125,22.037118126630467,12,-0.23310527035018205
5,0.0745801803086817,0.2908793069196257,0.07129737751758977,lhs_003,1.0,1.0,0.0,-60.5,-90.75416666666666,-26.991666666666713,5.660502403565977,5.260043730474207,6.096439725056474,20.79753406155699,19.475003658428125,22.037118126630467,12,-0.23310527035018205
5,0.0745801803086817,0.2908793069196257,0.07129737751758977,lhs_003,1.0,1.0,0.02,-60.5,-90.75416666666666,-26.991666666666713,5.660502403565977,5.260043730474207,6.096439725056474,20.79753406155699,19.475003658428125,22.037118126630467,12,-0.23310527035018205
5,0.0745801803086817,0.2908793069196257,0.07129737751758977,lhs_003,1.0,1.0,0.1,-60.5,-90.75416666666666,-26.991666666666713,5.660502403565977,5.260043730474207,6.096439725056474,20.79753406155699,19.475003658428125,22.037118126630467,12,-0.23310527035018205
5,0.0745801803086817,0.2908793069196257,0.07129737751758977,lhs_003,1.0,2.0,0.0,-60.5,-90.75416666666666,-26.991666666666713,5.660502403565977,5.260043730474207,6.096439725056474,20.79753406155699,19.475003658428125,22.037118126630467,12,-0.23310527035018205
5,0.0745801803086817,0.2908793069196257,0.07129737751758977,lhs_003,1.0,2.0,0.02,-60.5,-90.75416666666666,-26.991666666666713,5.660502403565977,5.260043730474207,6.096439725056474,20.79753406155699,19.475003658428125,22.037118126630467,12,-0.23310527035018205
5,0.0745801803086817,0.2908793069196257,0.07129737751758977,lhs_003,1.0,2.0,0.1,-60.5,-90.75416666666666,-26.991666666666713,5.660502403565977,5.260043730474207,6.096439725056474,20.79753406155699,19.475003658428125,22.037118126630467,12,-0.23310527035018205
5,0.0745801803086817,0.2908793069196257,0.07129737751758977,lhs_003,0.5,1.0,0.0,-60.5,-90.75416666666666,-26.991666666666713,5.660502403565977,5.260043730474207,6.096439725056474,20.79753406155699,19.475003658428125,22.037118126630467,12,-0.23310527035018205
5,0.0745801803086817,0.2908793069196257,0.07129737751758977,lhs_003,0.3,2.0,0.1,-60.5,-90.75416666666666,-26.991666666666713,5.660502403565977,5.260043730474207,6.096439725056474,20.79753406155699,19.475003658428125,22.037118126630467,12,-0.23310527035018205
5,0.0745801803086817,0.2908793069196257,0.07129737751758977,lhs_003,0.5,0.5,0.1,-60.5,-90.75416666666666,-26.991666666666713,5.660502403565977,5.260043730474207,6.096439725056474,20.79753406155699,19.475003658428125,22.037118126630467,12,-0.23310527035018205
5,0.0745801803086817,0.2908793069196257,0.07129737751758977,lhs_003,0.5,0.5,0.02,-60.5,-90.75416666666666,-26.991666666666713,5.660502403565977,5.260043730474207,6.096439725056474,20.79753406155699,19.475003658428125,22.037118126630467,12,-0.23310527035018205
5,0.0745801803086817,0.2908793069196257,0.07129737751758977,lhs_003,0.5,0.5,0.0,-60.5,-90.75416666666666,-26.991666666666713,5.660502403565977,5.260043730474207,6.096439725056474,20.79753406155699,19.475003658428125,22.037118126630467,12,-0.23310527035018205
5,0.0745801803086817,0.2908793069196257,0.07129737751758977,lhs_003,0.3,1.0,0.1,-60.5,-90.75416666666666,-26.991666666666713,5.660502403565977,5.260043730474207,6.096439725056474,20.79753406155699,19.475003658428125,22.037118126630467,12,-0.23310527035018205
5,0.0745801803086817,0.2908793069196257,0.07129737751758977,lhs_003,0.3,2.0,0.0,-60.5,-90.75416666666666,-26.991666666666713,5.660502403565977,5.260043730474207,6.096439725056474,20.79753406155699,19.475003658428125,22.037118126630467,12,-0.23310527035018205
5,0.0745801803086817,0.2908793069196257,0.07129737751758977,lhs_003,0.3,2.0,0.02,-60.5,-90.75416666666666,-26.991666666666713,5.660502403565977,5.260043730474207,6.096439725056474,20.79753406155699,19.475003658428125,22.037118126630467,12,-0.23310527035018205
5,0.0745801803086817,0.2908793069196257,0.07129737751758977,lhs_003,0.3,1.0,0.02,-60.5,-90.75416666666666,-26.991666666666713,5.660502403565977,5.260043730474207,6.096439725056474,20.79753406155699,19.475003658428125,22.037118126630467,12,-0.23310527035018205
5,0.0745801803086817,0.2908793069196257,0.07129737751758977,lhs_003,0.3,0.5,0.02,-60.5,-90.75416666666666,-26.991666666666713,5.660502403565977,5.260043730474207,6.096439725056474,20.79753406155699,19.475003658428125,22.037118126630467,12,-0.23310527035018205
5,0.0745801803086817,0.2908793069196257,0.07129737751758977,lhs_003,0.3,0.5,0.1,-60.5,-90.75416666666666,-26.991666666666713,5.660502403565977,5.260043730474207,6.096439725056474,20.79753406155699,19.475003658428125,22.037118126630467,12,-0.23310527035018205
5,0.0745801803086817,0.2908793069196257,0.07129737751758977,lhs_003,0.3,1.0,0.0,-60.5,-90.75416666666666,-26.991666666666713,5.660502403565977,5.260043730474207,6.096439725056474,20.79753406155699,19.475003658428125,22.037118126630467,12,-0.23310527035018205
5,0.0745801803086817,0.2908793069196257,0.07129737751758977,lhs_003,0.3,0.5,0.0,-60.5,-90.75416666666666,-26.991666666666713,5.660502403565977,5.260043730474207,6.096439725056474,20.79753406155699,19.475003658428125,22.037118126630467,12,-0.23310527035018205
5,0.0745801803086817,0.2908793069196257,0.07129737751758977,lhs_003,0.5,2.0,0.02,-60.5,-90.75416666666666,-26.991666666666713,5.660502403565977,5.260043730474207,6.096439725056474,20.79753406155699,19.475003658428125,22.037118126630467,12,-0.23310527035018205
5,0.0745801803086817,0.2908793069196257,0.07129737751758977,lhs_003,0.5,2.0,0.1,-60.5,-90.75416666666666,-26.991666666666713,5.660502403565977,5.260043730474207,6.096439725056474,20.79753406155699,19.475003658428125,22.037118126630467,12,-0.23310527035018205
5,0.0745801803086817,0.2908793069196257,0.07129737751758977,lhs_003,1.0,0.5,0.0,-60.5,-90.75416666666666,-26.991666666666713,5.660502403565977,5.260043730474207,6.096439725056474,20.79753406155699,19.475003658428125,22.037118126630467,12,-0.23310527035018205
5,0.0745801803086817,0.2908793069196257,0.07129737751758977,lhs_003,1.0,0.5,0.02,-60.5,-90.75416666666666,-26.991666666666713,5.660502403565977,5.260043730474207,6.096439725056474,20.79753406155699,19.475003658428125,22.037118126630467,12,-0.23310527035018205
5,0.0745801803086817,0.2908793069196257,0.07129737751758977,lhs_003,0.5,2.0,0.0,-60.5,-90.75416666666666,-26.991666666666713,5.660502403565977,5.260043730474207,6.096439725056474,20.79753406155699,19.475003658428125,22.037118126630467,12,-0.23310527035018205
6,0.24751858694363432,0.11136558692976098,0.0736786704560526,lhs_015,1.0,2.0,0.0,-80.5,-109.50625,-48.833333333333336,5.583719791368547,5.2084665120878935,5.955362795889577,16.13290511560626,14.862208835817484,17.27733347495474,12,-0.25944848834272854
6,0.24751858694363432,0.11136558692976098,0.0736786704560526,lhs_015,1.0,2.0,0.1,-80.5,-109.50625,-48.833333333333336,5.583719791368547,5.2084665120878935,5.955362795889577,16.13290511560626,14.862208835817484,17.27733347495474,12,-0.25944848834272854
6,0.24751858694363432,0.11136558692976098,0.0736786704560526,lhs_015,1.0,2.0,0.02,-80.5,-109.50625,-48.833333333333336,5.583719791368547,5.2084665120878935,5.955362795889577,16.13290511560626,14.862208835817484,17.27733347495474,12,-0.25944848834272854
6,0.24751858694363432,0.11136558692976098,0.0736786704560526,lhs_015,1.0,0.5,0.1,-80.5,-109.50625,-48.833333333333336,5.583719791368547,5.2084665120878935,5.955362795889577,16.13290511560626,14.862208835817484,17.27733347495474,12,-0.25944848834272854
6,0.24751858694363432,0.11136558692976098,0.0736786704560526,lhs_015,1.0,1.0,0.0,-80.5,-109.50625,-48.833333333333336,5.583719791368547,5.2084665120878935,5.955362795889577,16.13290511560626,14.862208835817484,17.27733347495474,12,-0.25944848834272854
6,0.24751858694363432,0.11136558692976098,0.0736786704560526,lhs_015,1.0,1.0,0.02,-80.5,-109.50625,-48.833333333333336,5.583719791368547,5.2084665120878935,5.955362795889577,16.13290511560626,14.862208835817484,17.27733347495474,12,-0.25944848834272854
6,0.24751858694363432,0.11136558692976098,0.0736786704560526,lhs_015,1.0,1.0,0.1,-80.5,-109.50625,-48.833333333333336,5.583719791368547,5.2084665120878935,5.955362795889577,16.13290511560626,14.862208835817484,17.27733347495474,12,-0.25944848834272854
6,0.24751858694363432,0.11136558692976098,0.0736786704560526,lhs_015,1.0,0.5,0.02,-80.5,-109.50625,-48.833333333333336,5.583719791368547,5.2084665120878935,5.955362795889577,16.13290511560626,14.862208835817484,17.27733347495474,12,-0.25944848834272854
6,0.24751858694363432,0.11136558692976098,0.0736786704560526,lhs_015,0.5,1.0,0.0,-80.5,-109.50625,-48.833333333333336,5.583719791368547,5.2084665120878935,5.955362795889577,16.13290511560626,14.862208835817484,17.27733347495474,12,-0.25944848834272854
6,0.24751858694363432,0.11136558692976098,0.0736786704560526,lhs_015,0.5,1.0,0.02,-80.5,-109.50625,-48.833333333333336,5.583719791368547,5.2084665120878935,5.955362795889577,16.13290511560626,14.862208835817484,17.27733347495474,12,-0.25944848834272854
6,0.24751858694363432,0.11136558692976098,0.0736786704560526,lhs_015,0.5,0.5,0.1,-80.5,-109.50625,-48.833333333333336,5.583719791368547,5.2084665120878935,5.955362795889577,16.13290511560626,14.862208835817484,17.27733347495474,12,-0.25944848834272854
6,0.24751858694363432,0.11136558692976098,0.0736786704560526,lhs_015,0.5,0.5,0.02,-80.5,-109.50625,-48.833333333333336,5.583719791368547,5.2084665120878935,5.955362795889577,16.13290511560626,14.862208835817484,17.27733347495474,12,-0.25944848834272854
6,0.24751858694363432,0.11136558692976098,0.0736786704560526,lhs_015,1.0,0.5,0.0,-80.5,-109.50625,-48.833333333333336,5.583719791368547,5.2084665120878935,5.955362795889577,16.13290511560626,14.862208835817484,17.27733347495474,12,-0.25944848834272854
6,0.24751858694363432,0.11136558692976098,0.0736786704560526,lhs_015,0.5,2.0,0.1,-80.5,-109.50625,-48.833333333333336,5.583719791368547,5.2084665120878935,5.955362795889577,16.13290511560626,14.862208835817484,17.27733347495474,12,-0.25944848834272854
6,0.24751858694363432,0.11136558692976098,0.0736786704560526,lhs_015,0.5,2.0,0.02,-80.5,-109.50625,-48.833333333333336,5.583719791368547,5.2084665120878935,5.955362795889577,16.13290511560626,14.862208835817484,17.27733347495474,12,-0.25944848834272854
6,0.24751858694363432,0.11136558692976098,0.0736786704560526,lhs_015,0.5,2.0,0.0,-80.5,-109.50625,-48.833333333333336,5.583719791368547,5.2084665120878935,5.955362795889577,16.13290511560626,14.862208835817484,17.27733347495474,12,-0.25944848834272854
6,0.24751858694363432,0.11136558692976098,0.0736786704560526,lhs_015,0.5,1.0,0.1,-80.5,-109.50625,-48.833333333333336,5.583719791368547,5.2084665120878935,5.955362795889577,16.13290511560626,14.862208835817484,17.27733347495474,12,-0.25944848834272854
6,0.24751858694363432,0.11136558692976098,0.0736786704560526,lhs_015,0.3,0.5,0.1,-80.5,-109.50625,-48.833333333333336,5.583719791368547,5.2084665120878935,5.955362795889577,16.13290511560626,14.862208835817484,17.27733347495474,12,-0.25944848834272854
6,0.24751858694363432,0.11136558692976098,0.0736786704560526,lhs_015,0.3,1.0,0.0,-80.5,-109.50625,-48.833333333333336,5.583719791368547,5.2084665120878935,5.955362795889577,16.13290511560626,14.862208835817484,17.27733347495474,12,-0.25944848834272854
6,0.24751858694363432,0.11136558692976098,0.0736786704560526,lhs_015,0.3,0.5,0.02,-80.5,-109.50625,-48.833333333333336,5.583719791368547,5.2084665120878935,5.955362795889577,16.13290511560626,14.862208835817484,17.27733347495474,12,-0.25944848834272854
6,0.24751858694363432,0.11136558692976098,0.0736786704560526,lhs_015,0.3,0.5,0.0,-80.5,-109.50625,-48.833333333333336,5.583719791368547,5.2084665120878935,5.955362795889577,16.13290511560626,14.862208835817484,17.27733347495474,12,-0.25944848834272854
6,0.24751858694363432,0.11136558692976098,0.0736786704560526,lhs_015,0.3,1.0,0.02,-80.5,-109.50625,-48.833333333333336,5.583719791368547,5.2084665120878935,5.955362795889577,16.13290511560626,14.862208835817484,17.27733347495474,12,-0.25944848834272854
6,0.24751858694363432,0.11136558692976098,0.0736786704560526,lhs_015,0.3,1.0,0.1,-80.5,-109.50625,-48.833333333333336,5.583719791368547,5.2084665120878935,5.955362795889577,16.13290511560626,14.862208835817484,17.27733347495474,12,-0.25944848834272854
6,0.24751858694363432,0.11136558692976098,0.0736786704560526,lhs_015,0.3,2.0,0.0,-80.5,-109.50625,-48.833333333333336,5.583719791368547,5.2084665120878935,5.955362795889577,16.13290511560626,14.862208835817484,17.27733347495474,12,-0.25944848834272854
6,0.24751858694363432,0.11136558692976098,0.0736786704560526,lhs_015,0.3,2.0,0.02,-80.5,-109.50625,-48.833333333333336,5.583719791368547,5.2084665120878935,5.955362795889577,16.13290511560626,14.862208835817484,17.27733347495474,12,-0.25944848834272854
6,0.24751858694363432,0.11136558692976098,0.0736786704560526,lhs_015,0.5,0.5,0.0,-80.5,-109.50625,-48.833333333333336,5.583719791368547,5.2084665120878935,5.955362795889577,16.13290511560626,14.862208835817484,17.27733347495474,12,-0.25944848834272854
6,0.24751858694363432,0.11136558692976098,0.0736786704560526,lhs_015,0.3,2.0,0.1,-80.5,-109.50625,-48.833333333333336,5.583719791368547,5.2084665120878935,5.955362795889577,16.13290511560626,14.862208835817484,17.27733347495474,12,-0.25944848834272854
7,0.1841276660779516,0.14948783095079757,0.09593388945788589,lhs_000,1.0,2.0,0.1,-48.666666666666664,-83.08333333333333,-10.908333333333378,5.886468588993374,5.415119360453368,6.3953117986069925,13.965405083261428,13.333225867144451,14.682363209107034,12,-0.4161889466041867
7,0.1841276660779516,0.14948783095079757,0.09593388945788589,lhs_000,1.0,2.0,0.02,-48.666666666666664,-83.08333333333333,-10.908333333333378,5.886468588993374,5.415119360453368,6.3953117986069925,13.965405083261428,13.333225867144451,14.682363209107034,12,-0.4161889466041867
7,0.1841276660779516,0.14948783095079757,0.09593388945788589,lhs_000,1.0,2.0,0.0,-48.666666666666664,-83.08333333333333,-10.908333333333378,5.886468588993374,5.415119360453368,6.3953117986069925,13.965405083261428,13.333225867144451,14.682363209107034,12,-0.4161889466041867
7,0.1841276660779516,0.14948783095079757,0.09593388945788589,lhs_000,1.0,1.0,0.1,-48.666666666666664,-83.08333333333333,-10.908333333333378,5.886468588993374,5.415119360453368,6.3953117986069925,13.965405083261428,13.333225867144451,14.682363209107034,12,-0.4161889466041867
7,0.1841276660779516,0.14948783095079757,0.09593388945788589,lhs_000,1.0,1.0,0.02,-48.666666666666664,-83.08333333333333,-10.908333333333378,5.886468588993374,5.415119360453368,6.3953117986069925,13.965405083261428,13.333225867144451,14.682363209107034,12,-0.4161889466041867
7,0.1841276660779516,0.14948783095079757,0.09593388945788589,lhs_000,1.0,1.0,0.0,-48.666666666666664,-83.08333333333333,-10.908333333333378,5.886468588993374,5.415119360453368,6.3953117986069925,13.965405083261428,13.333225867144451,14.682363209107034,12,-0.4161889466041867
7,0.1841276660779516,0.14948783095079757,0.09593388945788589,lhs_000,1.0,0.5,0.1,-48.666666666666664,-83.08333333333333,-10.908333333333378,5.886468588993374,5.415119360453368,6.3953117986069925,13.965405083261428,13.333225867144451,14.682363209107034,12,-0.4161889466041867
7,0.1841276660779516,0.14948783095079757,0.09593388945788589,lhs_000,1.0,0.5,0.02,-48.666666666666664,-83.08333333333333,-10.908333333333378,5.886468588993374,5.415119360453368,6.3953117986069925,13.965405083261428,13.333225867144451,14.682363209107034,12,-0.4161889466041867
7,0.1841276660779516,0.14948783095079757,0.09593388945788589,lhs_000,1.0,0.5,0.0,-48.666666666666664,-83.08333333333333,-10.908333333333378,5.886468588993374,5.415119360453368,6.3953117986069925,13.965405083261428,13.333225867144451,14.682363209107034,12,-0.4161889466041867
7,0.1841276660779516,0.14948783095079757,0.09593388945788589,lhs_000,0.5,2.0,0.1,-48.666666666666664,-83.08333333333333,-10.908333333333378,5.886468588993374,5.415119360453368,6.3953117986069925,13.965405083261428,13.333225867144451,14.682363209107034,12,-0.4161889466041867
7,0.1841276660779516,0.14948783095079757,0.09593388945788589,lhs_000,0.5,2.0,0.02,-48.666666666666664,-83.08333333333333,-10.908333333333378,5.886468588993374,5.415119360453368,6.3953117986069925,13.965405083261428,13.333225867144451,14.682363209107034,12,-0.4161889466041867
7,0.1841276660779516,0.14948783095079757,0.09593388945788589,lhs_000,0.5,0.5,0.02,-48.666666666666664,-83.08333333333333,-10.908333333333378,5.886468588993374,5.415119360453368,6.3953117986069925,13.965405083261428,13.333225867144451,14.682363209107034,12,-0.4161889466041867
7,0.1841276660779516,0.14948783095079757,0.09593388945788589,lhs_000,0.5,0.5,0.0,-48.666666666666664,-83.08333333333333,-10.908333333333378,5.886468588993374,5.415119360453368,6.3953117986069925,13.965405083261428,13.333225867144451,14.682363209107034,12,-0.4161889466041867
7,0.1841276660779516,0.14948783095079757,0.09593388945788589,lhs_000,0.3,2.0,0.1,-48.666666666666664,-83.08333333333333,-10.908333333333378,5.886468588993374,5.415119360453368,6.3953117986069925,13.965405083261428,13.333225867144451,14.682363209107034,12,-0.4161889466041867
7,0.1841276660779516,0.14948783095079757,0.09593388945788589,lhs_000,0.3,2.0,0.02,-48.666666666666664,-83.08333333333333,-10.908333333333378,5.886468588993374,5.415119360453368,6.3953117986069925,13.965405083261428,13.333225867144451,14.682363209107034,12,-0.4161889466041867
7,0.1841276660779516,0.14948783095079757,0.09593388945788589,lhs_000,0.3,2.0,0.0,-48.666666666666664,-83.08333333333333,-10.908333333333378,5.886468588993374,5.415119360453368,6.3953117986069925,13.965405083261428,13.333225867144451,14.682363209107034,12,-0.4161889466041867
7,0.1841276660779516,0.14948783095079757,0.09593388945788589,lhs_000,0.3,1.0,0.1,-48.666666666666664,-83.08333333333333,-10.908333333333378,5.886468588993374,5.415119360453368,6.3953117986069925,13.965405083261428,13.333225867144451,14.682363209107034,12,-0.4161889466041867
7,0.1841276660779516,0.14948783095079757,0.09593388945788589,lhs_000,0.3,1.0,0.02,-48.666666666666664,-83.08333333333333,-10.908333333333378,5.886468588993374,5.415119360453368,6.3953117986069925,13.965405083261428,13.333225867144451,14.682363209107034,12,-0.4161889466041867
7,0.1841276660779516,0.14948783095079757,0.09593388945788589,lhs_000,0.3,1.0,0.0,-48.666666666666664,-83.08333333333333,-10.908333333333378,5.886468588993374,5.415119360453368,6.3953117986069925,13.965405083261428,13.333225867144451,14.682363209107034,12,-0.4161889466041867
7,0.1841276660779516,0.14948783095079757,0.09593388945788589,lhs_000,0.3,0.5,0.1,-48.666666666666664,-83.08333333333333,-10.908333333333378,5.886468588993374,5.415119360453368,6.3953117986069925,13.965405083261428,13.333225867144451,14.682363209107034,12,-0.4161889466041867
7,0.1841276660779516,0.14948783095079757,0.09593388945788589,lhs_000,0.3,0.5,0.02,-48.666666666666664,-83.08333333333333,-10.908333333333378,5.886468588993374,5.415119360453368,6.3953117986069925,13.965405083261428,13.333225867144451,14.682363209107034,12,-0.4161889466041867
7,0.1841276660779516,0.14948783095079757,0.09593388945788589,lhs_000,0.3,0.5,0.0,-48.666666666666664,-83.08333333333333,-10.908333333333378,5.886468588993374,5.415119360453368,6.3953117986069925,13.965405083261428,13.333225867144451,14.682363209107034,12,-0.4161889466041867
7,0.1841276660779516,0.14948783095079757,0.09593388945788589,lhs_000,0.5,1.0,0.0,-48.666666666666664,-83.08333333333333,-10.908333333333378,5.886468588993374,5.415119360453368,6.3953117986069925,13.965405083261428,13.333225867144451,14.682363209107034,12,-0.4161889466041867
7,0.1841276660779516,0.14948783095079757,0.09593388945788589,lhs_000,0.5,1.0,0.02,-48.666666666666664,-83.08333333333333,-10.908333333333378,5.886468588993374,5.415119360453368,6.3953117986069925,13.965405083261428,13.333225867144451,14.682363209107034,12,-0.4161889466041867
7,0.1841276660779516,0.14948783095079757,0.09593388945788589,lhs_000,0.5,1.0,0.1,-48.666666666666664,-83.08333333333333,-10.908333333333378,5.886468588993374,5.415119360453368,6.3953117986069925,13.965405083261428,13.333225867144451,14.682363209107034,12,-0.4161889466041867
7,0.1841276660779516,0.14948783095079757,0.09593388945788589,lhs_000,0.5,0.5,0.1,-48.666666666666664,-83.08333333333333,-10.908333333333378,5.886468588993374,5.415119360453368,6.3953117986069925,13.965405083261428,13.333225867144451,14.682363209107034,12,-0.4161889466041867
7,0.1841276660779516,0.14948783095079757,0.09593388945788589,lhs_000,0.5,2.0,0.0,-48.666666666666664,-83.08333333333333,-10.908333333333378,5.886468588993374,5.415119360453368,6.3953117986069925,13.965405083261428,13.333225867144451,14.682363209107034,12,-0.4161889466041867
2,0.26598139574757396,0.1684330709690534,0.02275903249776418,lhs_008,1.0,2.0,0.0,-38.416666666666664,-74.58333333333333,-1.4062500000000568,5.754103544222835,5.498527759648268,6.02227975785147,55.17008063166091,53.49728883648252,56.690759183582834,12,-0.5086410754840691
2,0.26598139574757396,0.1684330709690534,0.02275903249776418,lhs_008,1.0,2.0,0.1,-38.416666666666664,-74.58333333333333,-1.4062500000000568,5.754103544222835,5.498527759648268,6.02227975785147,55.17008063166091,53.49728883648252,56.690759183582834,12,-0.5086410754840691
2,0.26598139574757396,0.1684330709690534,0.02275903249776418,lhs_008,1.0,2.0,0.02,-38.416666666666664,-74.58333333333333,-1.4062500000000568,5.754103544222835,5.498527759648268,6.02227975785147,55.17008063166091,53.49728883648252,56.690759183582834,12,-0.5086410754840691
2,0.26598139574757396,0.1684330709690534,0.02275903249776418,lhs_008,0.3,1.0,0.1,-38.416666666666664,-74.58333333333333,-1.4062500000000568,5.754103544222835,5.498527759648268,6.02227975785147,55.17008063166091,53.49728883648252,56.690759183582834,12,-0.5086410754840691
2,0.26598139574757396,0.1684330709690534,0.02275903249776418,lhs_008,0.3,2.0,0.0,-38.416666666666664,-74.58333333333333,-1.4062500000000568,5.754103544222835,5.498527759648268,6.02227975785147,55.17008063166091,53.49728883648252,56.690759183582834,12,-0.5086410754840691
2,0.26598139574757396,0.1684330709690534,0.02275903249776418,lhs_008,0.3,2.0,0.02,-38.416666666666664,-74.58333333333333,-1.4062500000000568,5.754103544222835,5.498527759648268,6.02227975785147,55.17008063166091,53.49728883648252,56.690759183582834,12,-0.5086410754840691
2,0.26598139574757396,0.1684330709690534,0.02275903249776418,lhs_008,0.3,0.5,0.0,-38.416666666666664,-74.58333333333333,-1.4062500000000568,5.754103544222835,5.498527759648268,6.02227975785147,55.17008063166091,53.49728883648252,56.690759183582834,12,-0.5086410754840691
2,0.26598139574757396,0.1684330709690534,0.02275903249776418,lhs_008,0.3,0.5,0.02,-38.416666666666664,-74.58333333333333,-1.4062500000000568,5.754103544222835,5.498527759648268,6.02227975785147,55.17008063166091,53.49728883648252,56.690759183582834,12,-0.5086410754840691
2,0.26598139574757396,0.1684330709690534,0.02275903249776418,lhs_008,0.3,0.5,0.1,-38.416666666666664,-74.58333333333333,-1.4062500000000568,5.754103544222835,5.498527759648268,6.02227975785147,55.17008063166091,53.49728883648252,56.690759183582834,12,-0.5086410754840691
2,0.26598139574757396,0.1684330709690534,0.02275903249776418,lhs_008,0.3,1.0,0.0,-38.416666666666664,-74.58333333333333,-1.4062500000000568,5.754103544222835,5.498527759648268,6.02227975785147,55.17008063166091,53.49728883648252,56.690759183582834,12,-0.5086410754840691
2,0.26598139574757396,0.1684330709690534,0.02275903249776418,lhs_008,0.3,1.0,0.02,-38.416666666666664,-74.58333333333333,-1.4062500000000568,5.754103544222835,5.498527759648268,6.02227975785147,55.17008063166091,53.49728883648252,56.690759183582834,12,-0.5086410754840691
2,0.26598139574757396,0.1684330709690534,0.02275903249776418,lhs_008,0.3,2.0,0.1,-38.416666666666664,-74.58333333333333,-1.4062500000000568,5.754103544222835,5.498527759648268,6.02227975785147,55.17008063166091,53.49728883648252,56.690759183582834,12,-0.5086410754840691
2,0.26598139574757396,0.1684330709690534,0.02275903249776418,lhs_008,0.5,0.5,0.0,-38.416666666666664,-74.58333333333333,-1.4062500000000568,5.754103544222835,5.498527759648268,6.02227975785147,55.17008063166091,53.49728883648252,56.690759183582834,12,-0.5086410754840691
2,0.26598139574757396,0.1684330709690534,0.02275903249776418,lhs_008,0.5,0.5,0.02,-38.416666666666664,-74.58333333333333,-1.4062500000000568,5.754103544222835,5.498527759648268,6.02227975785147,55.17008063166091,53.49728883648252,56.690759183582834,12,-0.5086410754840691
2,0.26598139574757396,0.1684330709690534,0.02275903249776418,lhs_008,0.5,0.5,0.1,-38.416666666666664,-74.58333333333333,-1.4062500000000568,5.754103544222835,5.498527759648268,6.02227975785147,55.17008063166091,53.49728883648252,56.690759183582834,12,-0.5086410754840691
2,0.26598139574757396,0.1684330709690534,0.02275903249776418,lhs_008,0.5,1.0,0.0,-38.416666666666664,-74.58333333333333,-1.4062500000000568,5.754103544222835,5.498527759648268,6.02227975785147,55.17008063166091,53.49728883648252,56.690759183582834,12,-0.5086410754840691
2,0.26598139574757396,0.1684330709690534,0.02275903249776418,lhs_008,0.5,1.0,0.02,-38.416666666666664,-74.58333333333333,-1.4062500000000568,5.754103544222835,5.498527759648268,6.02227975785147,55.17008063166091,53.49728883648252,56.690759183582834,12,-0.5086410754840691
2,0.26598139574757396,0.1684330709690534,0.02275903249776418,lhs_008,0.5,1.0,0.1,-38.416666666666664,-74.58333333333333,-1.4062500000000568,5.754103544222835,5.498527759648268,6.02227975785147,55.17008063166091,53.49728883648252,56.690759183582834,12,-0.5086410754840691
2,0.26598139574757396,0.1684330709690534,0.02275903249776418,lhs_008,0.5,2.0,0.0,-38.416666666666664,-74.58333333333333,-1.4062500000000568,5.754103544222835,5.498527759648268,6.02227975785147,55.17008063166091,53.49728883648252,56.690759183582834,12,-0.5086410754840691
2,0.26598139574757396,0.1684330709690534,0.02275903249776418,lhs_008,0.5,2.0,0.02,-38.416666666666664,-74.58333333333333,-1.4062500000000568,5.754103544222835,5.498527759648268,6.02227975785147,55.17008063166091,53.49728883648252,56.690759183582834,12,-0.5086410754840691
2,0.26598139574757396,0.1684330709690534,0.02275903249776418,lhs_008,0.5,2.0,0.1,-38.416666666666664,-74.58333333333333,-1.4062500000000568,5.754103544222835,5.498527759648268,6.02227975785147,55.17008063166091,53.49728883648252,56.690759183582834,12,-0.5086410754840691
2,0.26598139574757396,0.1684330709690534,0.02275903249776418,lhs_008,1.0,0.5,0.0,-38.416666666666664,-74.58333333333333,-1.4062500000000568,5.754103544222835,5.498527759648268,6.02227975785147,55.17008063166091,53.49728883648252,56.690759183582834,12,-0.5086410754840691
2,0.26598139574757396,0.1684330709690534,0.02275903249776418,lhs_008,1.0,0.5,0.02,-38.416666666666664,-74.58333333333333,-1.4062500000000568,5.754103544222835,5.498527759648268,6.02227975785147,55.17008063166091,53.49728883648252,56.690759183582834,12,-0.5086410754840691
2,0.26598139574757396,0.1684330709690534,0.02275903249776418,lhs_008,1.0,0.5,0.1,-38.416666666666664,-74.58333333333333,-1.4062500000000568,5.754103544222835,5.498527759648268,6.02227975785147,55.17008063166091,53.49728883648252,56.690759183582834,12,-0.5086410754840691
2,0.26598139574757396,0.1684330709690534,0.02275903249776418,lhs_008,1.0,1.0,0.0,-38.416666666666664,-74.58333333333333,-1.4062500000000568,5.754103544222835,5.498527759648268,6.02227975785147,55.17008063166091,53.49728883648252,56.690759183582834,12,-0.5086410754840691
2,0.26598139574757396,0.1684330709690534,0.02275903249776418,lhs_008,1.0,1.0,0.02,-38.416666666666664,-74.58333333333333,-1.4062500000000568,5.754103544222835,5.498527759648268,6.02227975785147,55.17008063166091,53.49728883648252,56.690759183582834,12,-0.5086410754840691
2,0.26598139574757396,0.1684330709690534,0.02275903249776418,lhs_008,1.0,1.0,0.1,-38.416666666666664,-74.58333333333333,-1.4062500000000568,5.754103544222835,5.498527759648268,6.02227975785147,55.17008063166091,53.49728883648252,56.690759183582834,12,-0.5086410754840691
3,0.2918692590466523,0.11639441586786325,0.06244431430408358,lhs_007,1.0,1.0,0.02,-30.0,-58.5875,-2.5791666666666897,5.918961749615712,5.655009107850526,6.16991086737979,37.089630926842794,35.495520110766904,38.926832676978655,12,-0.5142725996844438
3,0.2918692590466523,0.11639441586786325,0.06244431430408358,lhs_007,1.0,0.5,0.02,-30.0,-58.5875,-2.5791666666666897,5.918961749615712,5.655009107850526,6.16991086737979,37.089630926842794,35.495520110766904,38.926832676978655,12,-0.5142725996844438
3,0.2918692590466523,0.11639441586786325,0.06244431430408358,lhs_007,1.0,0.5,0.1,-30.0,-58.5875,-2.5791666666666897,5.918961749615712,5.655009107850526,6.16991086737979,37.089630926842794,35.495520110766904,38.926832676978655,12,-0.5142725996844438
3,0.2918692590466523,0.11639441586786325,0.06244431430408358,lhs_007,1.0,1.0,0.1,-30.0,-58.5875,-2.5791666666666897,5.918961749615712,5.655009107850526,6.16991086737979,37.089630926842794,35.495520110766904,38.926832676978655,12,-0.5142725996844438
3,0.2918692590466523,0.11639441586786325,0.06244431430408358,lhs_007,1.0,2.0,0.0,-30.0,-58.5875,-2.5791666666666897,5.918961749615712,5.655009107850526,6.16991086737979,37.089630926842794,35.495520110766904,38.926832676978655,12,-0.5142725996844438
3,0.2918692590466523,0.11639441586786325,0.06244431430408358,lhs_007,1.0,2.0,0.1,-30.0,-58.5875,-2.5791666666666897,5.918961749615712,5.655009107850526,6.16991086737979,37.089630926842794,35.495520110766904,38.926832676978655,12,-0.5142725996844438
3,0.2918692590466523,0.11639441586786325,0.06244431430408358,lhs_007,1.0,2.0,0.02,-30.0,-58.5875,-2.5791666666666897,5.918961749615712,5.655009107850526,6.16991086737979,37.089630926842794,35.495520110766904,38.926832676978655,12,-0.5142725996844438
3,0.2918692590466523,0.11639441586786325,0.06244431430408358,lhs_007,1.0,1.0,0.0,-30.0,-58.5875,-2.5791666666666897,5.918961749615712,5.655009107850526,6.16991086737979,37.089630926842794,35.495520110766904,38.926832676978655,12,-0.5142725996844438
3,0.2918692590466523,0.11639441586786325,0.06244431430408358,lhs_007,0.3,2.0,0.02,-30.0,-58.5875,-2.5791666666666897,5.918961749615712,5.655009107850526,6.16991086737979,37.089630926842794,35.495520110766904,38.926832676978655,12,-0.5142725996844438
3,0.2918692590466523,0.11639441586786325,0.06244431430408358,lhs_007,0.5,0.5,0.0,-30.0,-58.5875,-2.5791666666666897,5.918961749615712,5.655009107850526,6.16991086737979,37.089630926842794,35.495520110766904,38.926832676978655,12,-0.5142725996844438
3,0.2918692590466523,0.11639441586786325,0.06244431430408358,lhs_007,0.3,2.0,0.0,-30.0,-58.5875,-2.5791666666666897,5.918961749615712,5.655009107850526,6.16991086737979,37.089630926842794,35.495520110766904,38.926832676978655,12,-0.5142725996844438
3,0.2918692590466523,0.11639441586786325,0.06244431430408358,lhs_007,0.5,1.0,0.1,-30.0,-58.5875,-2.5791666666666897,5.918961749615712,5.655009107850526,6.16991086737979,37.089630926842794,35.495520110766904,38.926832676978655,12,-0.5142725996844438
3,0.2918692590466523,0.11639441586786325,0.06244431430408358,lhs_007,0.5,0.5,0.1,-30.0,-58.5875,-2.5791666666666897,5.918961749615712,5.655009107850526,6.16991086737979,37.089630926842794,35.495520110766904,38.926832676978655,12,-0.5142725996844438
3,0.2918692590466523,0.11639441586786325,0.06244431430408358,lhs_007,0.5,1.0,0.0,-30.0,-58.5875,-2.5791666666666897,5.918961749615712,5.655009107850526,6.16991086737979,37.089630926842794,35.495520110766904,38.926832676978655,12,-0.5142725996844438
3,0.2918692590466523,0.11639441586786325,0.06244431430408358,lhs_007,0.5,1.0,0.02,-30.0,-58.5875,-2.5791666666666897,5.918961749615712,5.655009107850526,6.16991086737979,37.089630926842794,35.495520110766904,38.926832676978655,12,-0.5142725996844438
3,0.2918692590466523,0.11639441586786325,0.06244431430408358,lhs_007,0.5,2.0,0.02,-30.0,-58.5875,-2.5791666666666897,5.918961749615712,5.655009107850526,6.16991086737979,37.089630926842794,35.495520110766904,38.926832676978655,12,-0.5142725996844438
3,0.2918692590466523,0.11639441586786325,0.06244431430408358,lhs_007,0.5,2.0,0.0,-30.0,-58.5875,-2.5791666666666897,5.918961749615712,5.655009107850526,6.16991086737979,37.089630926842794,35.495520110766904,38.926832676978655,12,-0.5142725996844438
3,0.2918692590466523,0.11639441586786325,0.06244431430408358,lhs_007,0.5,2.0,0.1,-30.0,-58.5875,-2.5791666666666897,5.918961749615712,5.655009107850526,6.16991086737979,37.089630926842794,35.495520110766904,38.926832676978655,12,-0.5142725996844438
3,0.2918692590466523,0.11639441586786325,0.06244431430408358,lhs_007,0.5,0.5,0.02,-30.0,-58.5875,-2.5791666666666897,5.918961749615712,5.655009107850526,6.16991086737979,37.089630926842794,35.495520110766904,38.926832676978655,12,-0.5142725996844438
3,0.2918692590466523,0.11639441586786325,0.06244431430408358,lhs_007,1.0,0.5,0.0,-30.0,-58.5875,-2.5791666666666897,5.918961749615712,5.655009107850526,6.16991086737979,37.089630926842794,35.495520110766904,38.926832676978655,12,-0.5142725996844438
3,0.2918692590466523,0.11639441586786325,0.06244431430408358,lhs_007,0.3,1.0,0.0,-30.0,-58.5875,-2.5791666666666897,5.918961749615712,5.655009107850526,6.16991086737979,37.089630926842794,35.495520110766904,38.926832676978655,12,-0.5142725996844438
3,0.2918692590466523,0.11639441586786325,0.06244431430408358,lhs_007,0.3,1.0,0.1,-30.0,-58.5875,-2.5791666666666897,5.918961749615712,5.655009107850526,6.16991086737979,37.089630926842794,35.495520110766904,38.926832676978655,12,-0.5142725996844438
3,0.2918692590466523,0.11639441586786325,0.06244431430408358,lhs_007,0.3,1.0,0.02,-30.0,-58.5875,-2.5791666666666897,5.918961749615712,5.655009107850526,6.16991086737979,37.089630926842794,35.495520110766904,38.926832676978655,12,-0.5142725996844438
3,0.2918692590466523,0.11639441586786325,0.06244431430408358,lhs_007,0.3,2.0,0.1,-30.0,-58.5875,-2.5791666666666897,5.918961749615712,5.655009107850526,6.16991086737979,37.089630926842794,35.495520110766904,38.926832676978655,12,-0.5142725996844438
3,0.2918692590466523,0.11639441586786325,0.06244431430408358,lhs_007,0.3,0.5,0.0,-30.0,-58.5875,-2.5791666666666897,5.918961749615712,5.655009107850526,6.16991086737979,37.089630926842794,35.495520110766904,38.926832676978655,12,-0.5142725996844438
3,0.2918692590466523,0.11639441586786325,0.06244431430408358,lhs_007,0.3,0.5,0.02,-30.0,-58.5875,-2.5791666666666897,5.918961749615712,5.655009107850526,6.16991086737979,37.089630926842794,35.495520110766904,38.926832676978655,12,-0.5142725996844438
3,0.2918692590466523,0.11639441586786325,0.06244431430408358,lhs_007,0.3,0.5,0.1,-30.0,-58.5875,-2.5791666666666897,5.918961749615712,5.655009107850526,6.16991086737979,37.089630926842794,35.495520110766904,38.926832676978655,12,-0.5142725996844438
4,0.07709194815433254,0.2526612711563915,0.05104252222802819,lhs_012,1.0,1.0,0.1,-52.666666666666664,-85.00208333333333,-20.07291666666672,5.863405690036273,5.551240367978619,6.212003528635962,24.98326968211525,23.8077248073377,26.119372133265518,12,-0.5276171883514709
4,0.07709194815433254,0.2526612711563915,0.05104252222802819,lhs_012,1.0,1.0,0.02,-52.666666666666664,-85.00208333333333,-20.07291666666672,5.863405690036273,5.551240367978619,6.212003528635962,24.98326968211525,23.8077248073377,26.119372133265518,12,-0.5276171883514709
4,0.07709194815433254,0.2526612711563915,0.05104252222802819,lhs_012,1.0,1.0,0.0,-52.666666666666664,-85.00208333333333,-20.07291666666672,5.863405690036273,5.551240367978619,6.212003528635962,24.98326968211525,23.8077248073377,26.119372133265518,12,-0.5276171883514709
4,0.07709194815433254,0.2526612711563915,0.05104252222802819,lhs_012,1.0,0.5,0.1,-52.666666666666664,-85.00208333333333,-20.07291666666672,5.863405690036273,5.551240367978619,6.212003528635962,24.98326968211525,23.8077248073377,26.119372133265518,12,-0.5276171883514709
4,0.07709194815433254,0.2526612711563915,0.05104252222802819,lhs_012,1.0,0.5,0.02,-52.666666666666664,-85.00208333333333,-20.07291666666672,5.863405690036273,5.551240367978619,6.212003528635962,24.98326968211525,23.8077248073377,26.119372133265518,12,-0.5276171883514709
4,0.07709194815433254,0.2526612711563915,0.05104252222802819,lhs_012,1.0,2.0,0.1,-52.666666666666664,-85.00208333333333,-20.07291666666672,5.863405690036273,5.551240367978619,6.212003528635962,24.98326968211525,23.8077248073377,26.119372133265518,12,-0.5276171883514709
4,0.07709194815433254,0.2526612711563915,0.05104252222802819,lhs_012,1.0,2.0,0.02,-52.666666666666664,-85.00208333333333,-20.07291666666672,5.863405690036273,5.551240367978619,6.212003528635962,24.98326968211525,23.8077248073377,26.119372133265518,12,-0.5276171883514709
4,0.07709194815433254,0.2526612711563915,0.05104252222802819,lhs_012,1.0,2.0,0.0,-52.666666666666664,-85.00208333333333,-20.07291666666672,5.863405690036273,5.551240367978619,6.212003528635962,24.98326968211525,23.8077248073377,26.119372133265518,12,-0.5276171883514709
4,0.07709194815433254,0.2526612711563915,0.05104252222802819,lhs_012,0.5,2.0,0.0,-52.666666666666664,-85.00208333333333,-20.07291666666672,5.863405690036273,5.551240367978619,6.212003528635962,24.98326968211525,23.8077248073377,26.119372133265518,12,-0.5276171883514709
4,0.07709194815433254,0.2526612711563915,0.05104252222802819,lhs_012,0.5,1.0,0.1,-52.666666666666664,-85.00208333333333,-20.07291666666672,5.863405690036273,5.551240367978619,6.212003528635962,24.98326968211525,23.8077248073377,26.119372133265518,12,-0.5276171883514709
4,0.07709194815433254,0.2526612711563915,0.05104252222802819,lhs_012,0.5,1.0,0.02,-52.666666666666664,-85.00208333333333,-20.07291666666672,5.863405690036273,5.551240367978619,6.212003528635962,24.98326968211525,23.8077248073377,26.119372133265518,12,-0.5276171883514709
4,0.07709194815433254,0.2526612711563915,0.05104252222802819,lhs_012,0.5,1.0,0.0,-52.666666666666664,-85.00208333333333,-20.07291666666672,5.863405690036273,5.551240367978619,6.212003528635962,24.98326968211525,23.8077248073377,26.119372133265518,12,-0.5276171883514709
4,0.07709194815433254,0.2526612711563915,0.05104252222802819,lhs_012,0.5,0.5,0.1,-52.666666666666664,-85.00208333333333,-20.07291666666672,5.863405690036273,5.551240367978619,6.212003528635962,24.98326968211525,23.8077248073377,26.119372133265518,12,-0.5276171883514709
4,0.07709194815433254,0.2526612711563915,0.05104252222802819,lhs_012,0.5,0.5,0.02,-52.666666666666664,-85.00208333333333,-20.07291666666672,5.863405690036273,5.551240367978619,6.212003528635962,24.98326968211525,23.8077248073377,26.119372133265518,12,-0.5276171883514709
4,0.07709194815433254,0.2526612711563915,0.05104252222802819,lhs_012,0.5,0.5,0.0,-52.666666666666664,-85.00208333333333,-20.07291666666672,5.863405690036273,5.551240367978619,6.212003528635962,24.98326968211525,23.8077248073377,26.119372133265518,12,-0.5276171883514709
4,0.07709194815433254,0.2526612711563915,0.05104252222802819,lhs_012,0.3,2.0,0.1,-52.666666666666664,-85.00208333333333,-20.07291666666672,5.863405690036273,5.551240367978619,6.212003528635962,24.98326968211525,23.8077248073377,26.119372133265518,12,-0.5276171883514709
4,0.07709194815433254,0.2526612711563915,0.05104252222802819,lhs_012,0.3,2.0,0.02,-52.666666666666664,-85.00208333333333,-20.07291666666672,5.863405690036273,5.551240367978619,6.212003528635962,24.98326968211525,23.8077248073377,26.119372133265518,12,-0.5276171883514709
4,0.07709194815433254,0.2526612711563915,0.05104252222802819,lhs_012,0.3,2.0,0.0,-52.666666666666664,-85.00208333333333,-20.07291666666672,5.863405690036273,5.551240367978619,6.212003528635962,24.98326968211525,23.8077248073377,26.119372133265518,12,-0.5276171883514709
4,0.07709194815433254,0.2526612711563915,0.05104252222802819,lhs_012,0.3,1.0,0.1,-52.666666666666664,-85.00208333333333,-20.07291666666672,5.863405690036273,5.551240367978619,6.212003528635962,24.98326968211525,23.8077248073377,26.119372133265518,12,-0.5276171883514709
4,0.07709194815433254,0.2526612711563915,0.05104252222802819,lhs_012,0.3,1.0,0.02,-52.666666666666664,-85.00208333333333,-20.07291666666672,5.863405690036273,5.551240367978619,6.212003528635962,24.98326968211525,23.8077248073377,26.119372133265518,12,-0.5276171883514709
4,0.07709194815433254,0.2526612711563915,0.05104252222802819,lhs_012,0.3,1.0,0.0,-52.666666666666664,-85.00208333333333,-20.07291666666672,5.863405690036273,5.551240367978619,6.212003528635962,24.98326968211525,23.8077248073377,26.119372133265518,12,-0.5276171883514709
4,0.07709194815433254,0.2526612711563915,0.05104252222802819,lhs_012,0.3,0.5,0.1,-52.666666666666664,-85.00208333333333,-20.07291666666672,5.863405690036273,5.551240367978619,6.212003528635962,24.98326968211525,23.8077248073377,26.119372133265518,12,-0.5276171883514709
4,0.07709194815433254,0.2526612711563915,0.05104252222802819,lhs_012,0.3,0.5,0.02,-52.666666666666664,-85.00208333333333,-20.07291666666672,5.863405690036273,5.551240367978619,6.212003528635962,24.98326968211525,23.8077248073377,26.119372133265518,12,-0.5276171883514709
4,0.07709194815433254,0.2526612711563915,0.05104252222802819,lhs_012,0.3,0.5,0.0,-52.666666666666664,-85.00208333333333,-20.07291666666672,5.863405690036273,5.551240367978619,6.212003528635962,24.98326968211525,23.8077248073377,26.119372133265518,12,-0.5276171883514709
4,0.07709194815433254,0.2526612711563915,0.05104252222802819,lhs_012,0.5,2.0,0.1,-52.666666666666664,-85.00208333333333,-20.07291666666672,5.863405690036273,5.551240367978619,6.212003528635962,24.98326968211525,23.8077248073377,26.119372133265518,12,-0.5276171883514709
4,0.07709194815433254,0.2526612711563915,0.05104252222802819,lhs_012,1.0,0.5,0.0,-52.666666666666664,-85.00208333333333,-20.07291666666672,5.863405690036273,5.551240367978619,6.212003528635962,24.98326968211525,23.8077248073377,26.119372133265518,12,-0.5276171883514709
4,0.07709194815433254,0.2526612711563915,0.05104252222802819,lhs_012,0.5,2.0,0.02,-52.666666666666664,-85.00208333333333,-20.07291666666672,5.863405690036273,5.551240367978619,6.212003528635962,24.98326968211525,23.8077248073377,26.119372133265518,12,-0.5276171883514709
3,0.15081159470265293,0.06480183057348085,0.0839890459993194,lhs_002,0.5,0.5,0.02,-93.08333333333333,-117.0,-66.5,5.616936554719055,5.284582259047959,5.957857724115622,28.497443991713222,25.996209597164604,30.956385230600908,12,-0.5607306879894943
3,0.15081159470265293,0.06480183057348085,0.0839890459993194,lhs_002,0.5,1.0,0.1,-93.08333333333333,-117.0,-66.5,5.616936554719055,5.284582259047959,5.957857724115622,28.497443991713222,25.996209597164604,30.956385230600908,12,-0.5607306879894943
3,0.15081159470265293,0.06480183057348085,0.0839890459993194,lhs_002,0.5,0.5,0.1,-93.08333333333333,-117.0,-66.5,5.616936554719055,5.284582259047959,5.957857724115622,28.497443991713222,25.996209597164604,30.956385230600908,12,-0.5607306879894943
3,0.15081159470265293,0.06480183057348085,0.0839890459993194,lhs_002,0.5,1.0,0.0,-93.08333333333333,-117.0,-66.5,5.616936554719055,5.284582259047959,5.957857724115622,28.497443991713222,25.996209597164604,30.956385230600908,12,-0.5607306879894943
3,0.15081159470265293,0.06480183057348085,0.0839890459993194,lhs_002,0.5,1.0,0.02,-93.08333333333333,-117.0,-66.5,5.616936554719055,5.284582259047959,5.957857724115622,28.497443991713222,25.996209597164604,30.956385230600908,12,-0.5607306879894943
3,0.15081159470265293,0.06480183057348085,0.0839890459993194,lhs_002,1.0,0.5,0.0,-93.08333333333333,-117.0,-66.5,5.616936554719055,5.284582259047959,5.957857724115622,28.497443991713222,25.996209597164604,30.956385230600908,12,-0.5607306879894943
3,0.15081159470265293,0.06480183057348085,0.0839890459993194,lhs_002,1.0,0.5,0.02,-93.08333333333333,-117.0,-66.5,5.616936554719055,5.284582259047959,5.957857724115622,28.497443991713222,25.996209597164604,30.956385230600908,12,-0.5607306879894943
3,0.15081159470265293,0.06480183057348085,0.0839890459993194,lhs_002,1.0,0.5,0.1,-93.08333333333333,-117.0,-66.5,5.616936554719055,5.284582259047959,5.957857724115622,28.497443991713222,25.996209597164604,30.956385230600908,12,-0.5607306879894943
3,0.15081159470265293,0.06480183057348085,0.0839890459993194,lhs_002,1.0,1.0,0.0,-93.08333333333333,-117.0,-66.5,5.616936554719055,5.284582259047959,5.957857724115622,28.497443991713222,25.996209597164604,30.956385230600908,12,-0.5607306879894943
3,0.15081159470265293,0.06480183057348085,0.0839890459993194,lhs_002,1.0,2.0,0.1,-93.08333333333333,-117.0,-66.5,5.616936554719055,5.284582259047959,5.957857724115622,28.497443991713222,25.996209597164604,30.956385230600908,12,-0.5607306879894943
3,0.15081159470265293,0.06480183057348085,0.0839890459993194,lhs_002,0.5,2.0,0.0,-93.08333333333333,-117.0,-66.5,5.616936554719055,5.284582259047959,5.957857724115622,28.497443991713222,25.996209597164604,30.956385230600908,12,-0.5607306879894943
3,0.15081159470265293,0.06480183057348085,0.0839890459993194,lhs_002,0.5,2.0,0.02,-93.08333333333333,-117.0,-66.5,5.616936554719055,5.284582259047959,5.957857724115622,28.497443991713222,25.996209597164604,30.956385230600908,12,-0.5607306879894943
3,0.15081159470265293,0.06480183057348085,0.0839890459993194,lhs_002,0.5,2.0,0.1,-93.08333333333333,-117.0,-66.5,5.616936554719055,5.284582259047959,5.957857724115622,28.497443991713222,25.996209597164604,30.956385230600908,12,-0.5607306879894943
3,0.15081159470265293,0.06480183057348085,0.0839890459993194,lhs_002,0.3,2.0,0.1,-93.08333333333333,-117.0,-66.5,5.616936554719055,5.284582259047959,5.957857724115622,28.497443991713222,25.996209597164604,30.956385230600908,12,-0.5607306879894943
3,0.15081159470265293,0.06480183057348085,0.0839890459993194,lhs_002,0.5,0.5,0.0,-93.08333333333333,-117.0,-66.5,5.616936554719055,5.284582259047959,5.957857724115622,28.497443991713222,25.996209597164604,30.956385230600908,12,-0.5607306879894943
3,0.15081159470265293,0.06480183057348085,0.0839890459993194,lhs_002,0.3,0.5,0.0,-93.08333333333333,-117.0,-66.5,5.616936554719055,5.284582259047959,5.957857724115622,28.497443991713222,25.996209597164604,30.956385230600908,12,-0.5607306879894943
3,0.15081159470265293,0.06480183057348085,0.0839890459993194,lhs_002,0.3,0.5,0.02,-93.08333333333333,-117.0,-66.5,5.616936554719055,5.284582259047959,5.957857724115622,28.497443991713222,25.996209597164604,30.956385230600908,12,-0.5607306879894943
3,0.15081159470265293,0.06480183057348085,0.0839890459993194,lhs_002,0.3,1.0,0.02,-93.08333333333333,-117.0,-66.5,5.616936554719055,5.284582259047959,5.957857724115622,28.497443991713222,25.996209597164604,30.956385230600908,12,-0.5607306879894943
3,0.15081159470265293,0.06480183057348085,0.0839890459993194,lhs_002,0.3,1.0,0.1,-93.08333333333333,-117.0,-66.5,5.616936554719055,5.284582259047959,5.957857724115622,28.497443991713222,25.996209597164604,30.956385230600908,12,-0.5607306879894943
3,0.15081159470265293,0.06480183057348085,0.0839890459993194,lhs_002,0.3,2.0,0.0,-93.08333333333333,-117.0,-66.5,5.616936554719055,5.284582259047959,5.957857724115622,28.497443991713222,25.996209597164604,30.956385230600908,12,-0.5607306879894943
3,0.15081159470265293,0.06480183057348085,0.0839890459993194,lhs_002,0.3,2.0,0.02,-93.08333333333333,-117.0,-66.5,5.616936554719055,5.284582259047959,5.957857724115622,28.497443991713222,25.996209597164604,30.956385230600908,12,-0.5607306879894943
3,0.15081159470265293,0.06480183057348085,0.0839890459993194,lhs_002,1.0,1.0,0.02,-93.08333333333333,-117.0,-66.5,5.616936554719055,5.284582259047959,5.957857724115622,28.497443991713222,25.996209597164604,30.956385230600908,12,-0.5607306879894943
3,0.15081159470265293,0.06480183057348085,0.0839890459993194,lhs_002,1.0,1.0,0.1,-93.08333333333333,-117.0,-66.5,5.616936554719055,5.284582259047959,5.957857724115622,28.497443991713222,25.996209597164604,30.956385230600908,12,-0.5607306879894943
3,0.15081159470265293,0.06480183057348085,0.0839890459993194,lhs_002,0.3,0.5,0.1,-93.08333333333333,-117.0,-66.5,5.616936554719055,5.284582259047959,5.957857724115622,28.497443991713222,25.996209597164604,30.956385230600908,12,-0.5607306879894943
3,0.15081159470265293,0.06480183057348085,0.0839890459993194,lhs_002,0.3,1.0,0.0,-93.08333333333333,-117.0,-66.5,5.616936554719055,5.284582259047959,5.957857724115622,28.497443991713222,25.996209597164604,30.956385230600908,12,-0.5607306879894943
3,0.15081159470265293,0.06480183057348085,0.0839890459993194,lhs_002,1.0,2.0,0.0,-93.08333333333333,-117.0,-66.5,5.616936554719055,5.284582259047959,5.957857724115622,28.497443991713222,25.996209597164604,30.956385230600908,12,-0.5607306879894943
3,0.15081159470265293,0.06480183057348085,0.0839890459993194,lhs_002,1.0,2.0,0.02,-93.08333333333333,-117.0,-66.5,5.616936554719055,5.284582259047959,5.957857724115622,28.497443991713222,25.996209597164604,30.956385230600908,12,-0.5607306879894943
3,0.2867678995649351,0.15829853674317923,0.08739888213242064,lhs_013,0.3,1.0,0.02,-45.916666666666664,-74.42916666666667,-15.9104166666667,5.8624154768003365,5.544355938574144,6.153229319592538,38.211628873599686,36.24182871840894,40.34288303924452,12,-0.5906804668252503
3,0.2867678995649351,0.15829853674317923,0.08739888213242064,lhs_013,0.3,1.0,0.0,-45.916666666666664,-74.42916666666667,-15.9104166666667,5.8624154768003365,5.544355938574144,6.153229319592538,38.211628873599686,36.24182871840894,40.34288303924452,12,-0.5906804668252503
3,0.2867678995649351,0.15829853674317923,0.08739888213242064,lhs_013,1.0,1.0,0.0,-45.916666666666664,-74.42916666666667,-15.9104166666667,5.8624154768003365,5.544355938574144,6.153229319592538,38.211628873599686,36.24182871840894,40.34288303924452,12,-0.5906804668252503
3,0.2867678995649351,0.15829853674317923,0.08739888213242064,lhs_013,1.0,1.0,0.02,-45.916666666666664,-74.42916666666667,-15.9104166666667,5.8624154768003365,5.544355938574144,6.153229319592538,38.211628873599686,36.24182871840894,40.34288303924452,12,-0.5906804668252503
3,0.2867678995649351,0.15829853674317923,0.08739888213242064,lhs_013,1.0,1.0,0.1,-45.916666666666664,-74.42916666666667,-15.9104166666667,5.8624154768003365,5.544355938574144,6.153229319592538,38.211628873599686,36.24182871840894,40.34288303924452,12,-0.5906804668252503
3,0.2867678995649351,0.15829853674317923,0.08739888213242064,lhs_013,1.0,2.0,0.0,-45.916666666666664,-74.42916666666667,-15.9104166666667,5.8624154768003365,5.544355938574144,6.153229319592538,38.211628873599686,36.24182871840894,40.34288303924452,12,-0.5906804668252503
3,0.2867678995649351,0.15829853674317923,0.08739888213242064,lhs_013,1.0,2.0,0.02,-45.916666666666664,-74.42916666666667,-15.9104166666667,5.8624154768003365,5.544355938574144,6.153229319592538,38.211628873599686,36.24182871840894,40.34288303924452,12,-0.5906804668252503
3,0.2867678995649351,0.15829853674317923,0.08739888213242064,lhs_013,1.0,2.0,0.1,-45.916666666666664,-74.42916666666667,-15.9104166666667,5.8624154768003365,5.544355938574144,6.153229319592538,38.211628873599686,36.24182871840894,40.34288303924452,12,-0.5906804668252503
3,0.2867678995649351,0.15829853674317923,0.08739888213242064,lhs_013,1.0,0.5,0.02,-45.916666666666664,-74.42916666666667,-15.9104166666667,5.8624154768003365,5.544355938574144,6.153229319592538,38.211628873599686,36.24182871840894,40.34288303924452,12,-0.5906804668252503
3,0.2867678995649351,0.15829853674317923,0.08739888213242064,lhs_013,1.0,0.5,0.1,-45.916666666666664,-74.42916666666667,-15.9104166666667,5.8624154768003365,5.544355938574144,6.153229319592538,38.211628873599686,36.24182871840894,40.34288303924452,12,-0.5906804668252503
3,0.2867678995649351,0.15829853674317923,0.08739888213242064,lhs_013,0.5,2.0,0.1,-45.916666666666664,-74.42916666666667,-15.9104166666667,5.8624154768003365,5.544355938574144,6.153229319592538,38.211628873599686,36.24182871840894,40.34288303924452,12,-0.5906804668252503
3,0.2867678995649351,0.15829853674317923,0.08739888213242064,lhs_013,1.0,0.5,0.0,-45.916666666666664,-74.42916666666667,-15.9104166666667,5.8624154768003365,5.544355938574144,6.153229319592538,38.211628873599686,36.24182871840894,40.34288303924452,12,-0.5906804668252503
3,0.2867678995649351,0.15829853674317923,0.08739888213242064,lhs_013,0.5,2.0,0.02,-45.916666666666664,-74.42916666666667,-15.9104166666667,5.8624154768003365,5.544355938574144,6.153229319592538,38.211628873599686,36.24182871840894,40.34288303924452,12,-0.5906804668252503
3,0.2867678995649351,0.15829853674317923,0.08739888213242064,lhs_013,0.5,0.5,0.0,-45.916666666666664,-74.42916666666667,-15.9104166666667,5.8624154768003365,5.544355938574144,6.153229319592538,38.211628873599686,36.24182871840894,40.34288303924452,12,-0.5906804668252503
3,0.2867678995649351,0.15829853674317923,0.08739888213242064,lhs_013,0.3,2.0,0.1,-45.916666666666664,-74.42916666666667,-15.9104166666667,5.8624154768003365,5.544355938574144,6.153229319592538,38.211628873599686,36.24182871840894,40.34288303924452,12,-0.5906804668252503
3,0.2867678995649351,0.15829853674317923,0.08739888213242064,lhs_013,0.3,2.0,0.02,-45.916666666666664,-74.42916666666667,-15.9104166666667,5.8624154768003365,5.544355938574144,6.153229319592538,38.211628873599686,36.24182871840894,40.34288303924452,12,-0.5906804668252503
3,0.2867678995649351,0.15829853674317923,0.08739888213242064,lhs_013,0.3,2.0,0.0,-45.916666666666664,-74.42916666666667,-15.9104166666667,5.8624154768003365,5.544355938574144,6.153229319592538,38.211628873599686,36.24182871840894,40.34288303924452,12,-0.5906804668252503
3,0.2867678995649351,0.15829853674317923,0.08739888213242064,lhs_013,0.3,1.0,0.1,-45.916666666666664,-74.42916666666667,-15.9104166666667,5.8624154768003365,5.544355938574144,6.153229319592538,38.211628873599686,36.24182871840894,40.34288303924452,12,-0.5906804668252503
3,0.2867678995649351,0.15829853674317923,0.08739888213242064,lhs_013,0.5,1.0,0.0,-45.916666666666664,-74.42916666666667,-15.9104166666667,5.8624154768003365,5.544355938574144,6.153229319592538,38.211628873599686,36.24182871840894,40.34288303924452,12,-0.5906804668252503
3,0.2867678995649351,0.15829853674317923,0.08739888213242064,lhs_013,0.5,0.5,0.1,-45.916666666666664,-74.42916666666667,-15.9104166666667,5.8624154768003365,5.544355938574144,6.153229319592538,38.211628873599686,36.24182871840894,40.34288303924452,12,-0.5906804668252503
3,0.2867678995649351,0.15829853674317923,0.08739888213242064,lhs_013,0.3,0.5,0.1,-45.916666666666664,-74.42916666666667,-15.9104166666667,5.8624154768003365,5.544355938574144,6.153229319592538,38.211628873599686,36.24182871840894,40.34288303924452,12,-0.5906804668252503
3,0.2867678995649351,0.15829853674317923,0.08739888213242064,lhs_013,0.3,0.5,0.02,-45.916666666666664,-74.42916666666667,-15.9104166666667,5.8624154768003365,5.544355938574144,6.153229319592538,38.211628873599686,36.24182871840894,40.34288303924452,12,-0.5906804668252503
3,0.2867678995649351,0.15829853674317923,0.08739888213242064,lhs_013,0.3,0.5,0.0,-45.916666666666664,-74.42916666666667,-15.9104166666667,5.8624154768003365,5.544355938574144,6.153229319592538,38.211628873599686,36.24182871840894,40.34288303924452,12,-0.5906804668252503
3,0.2867678995649351,0.15829853674317923,0.08739888213242064,lhs_013,0.5,2.0,0.0,-45.916666666666664,-74.42916666666667,-15.9104166666667,5.8624154768003365,5.544355938574144,6.153229319592538,38.211628873599686,36.24182871840894,40.34288303924452,12,-0.5906804668252503
3,0.2867678995649351,0.15829853674317923,0.08739888213242064,lhs_013,0.5,1.0,0.1,-45.916666666666664,-74.42916666666667,-15.9104166666667,5.8624154768003365,5.544355938574144,6.153229319592538,38.211628873599686,36.24182871840894,40.34288303924452,12,-0.5906804668252503
3,0.2867678995649351,0.15829853674317923,0.08739888213242064,lhs_013,0.5,1.0,0.02,-45.916666666666664,-74.42916666666667,-15.9104166666667,5.8624154768003365,5.544355938574144,6.153229319592538,38.211628873599686,36.24182871840894,40.34288303924452,12,-0.5906804668252503
3,0.2867678995649351,0.15829853674317923,0.08739888213242064,lhs_013,0.5,0.5,0.02,-45.916666666666664,-74.42916666666667,-15.9104166666667,5.8624154768003365,5.544355938574144,6.153229319592538,38.211628873599686,36.24182871840894,40.34288303924452,12,-0.5906804668252503
4,0.12097663261155073,0.18007124962250376,0.054648355097971474,lhs_010,0.5,1.0,0.02,-49.666666666666664,-77.41875,-20.583333333333332,5.946659388259445,5.622173937540405,6.310981589231508,23.66806190705392,22.46622204490607,24.763771733160436,12,-0.6204520266082139
4,0.12097663261155073,0.18007124962250376,0.054648355097971474,lhs_010,0.5,2.0,0.0,-49.666666666666664,-77.41875,-20.583333333333332,5.946659388259445,5.622173937540405,6.310981589231508,23.66806190705392,22.46622204490607,24.763771733160436,12,-0.6204520266082139
4,0.12097663261155073,0.18007124962250376,0.054648355097971474,lhs_010,0.5,2.0,0.02,-49.666666666666664,-77.41875,-20.583333333333332,5.946659388259445,5.622173937540405,6.310981589231508,23.66806190705392,22.46622204490607,24.763771733160436,12,-0.6204520266082139
4,0.12097663261155073,0.18007124962250376,0.054648355097971474,lhs_010,1.0,1.0,0.1,-49.666666666666664,-77.41875,-20.583333333333332,5.946659388259445,5.622173937540405,6.310981589231508,23.66806190705392,22.46622204490607,24.763771733160436,12,-0.6204520266082139
4,0.12097663261155073,0.18007124962250376,0.054648355097971474,lhs_010,1.0,1.0,0.02,-49.666666666666664,-77.41875,-20.583333333333332,5.946659388259445,5.622173937540405,6.310981589231508,23.66806190705392,22.46622204490607,24.763771733160436,12,-0.6204520266082139
4,0.12097663261155073,0.18007124962250376,0.054648355097971474,lhs_010,1.0,0.5,0.0,-49.666666666666664,-77.41875,-20.583333333333332,5.946659388259445,5.622173937540405,6.310981589231508,23.66806190705392,22.46622204490607,24.763771733160436,12,-0.6204520266082139
4,0.12097663261155073,0.18007124962250376,0.054648355097971474,lhs_010,1.0,0.5,0.02,-49.666666666666664,-77.41875,-20.583333333333332,5.946659388259445,5.622173937540405,6.310981589231508,23.66806190705392,22.46622204490607,24.763771733160436,12,-0.6204520266082139
4,0.12097663261155073,0.18007124962250376,0.054648355097971474,lhs_010,0.3,0.5,0.1,-49.666666666666664,-77.41875,-20.583333333333332,5.946659388259445,5.622173937540405,6.310981589231508,23.66806190705392,22.46622204490607,24.763771733160436,12,-0.6204520266082139
4,0.12097663261155073,0.18007124962250376,0.054648355097971474,lhs_010,0.3,0.5,0.02,-49.666666666666664,-77.41875,-20.583333333333332,5.946659388259445,5.622173937540405,6.310981589231508,23.66806190705392,22.46622204490607,24.763771733160436,12,-0.6204520266082139
4,0.12097663261155073,0.18007124962250376,0.054648355097971474,lhs_010,0.3,0.5,0.0,-49.666666666666664,-77.41875,-20.583333333333332,5.946659388259445,5.622173937540405,6.310981589231508,23.66806190705392,22.46622204490607,24.763771733160436,12,-0.6204520266082139
4,0.12097663261155073,0.18007124962250376,0.054648355097971474,lhs_010,1.0,2.0,0.1,-49.666666666666664,-77.41875,-20.583333333333332,5.946659388259445,5.622173937540405,6.310981589231508,23.66806190705392,22.46622204490607,24.763771733160436,12,-0.6204520266082139
4,0.12097663261155073,0.18007124962250376,0.054648355097971474,lhs_010,1.0,2.0,0.0,-49.666666666666664,-77.41875,-20.583333333333332,5.946659388259445,5.622173937540405,6.310981589231508,23.66806190705392,22.46622204490607,24.763771733160436,12,-0.6204520266082139
4,0.12097663261155073,0.18007124962250376,0.054648355097971474,lhs_010,1.0,2.0,0.02,-49.666666666666664,-77.41875,-20.583333333333332,5.946659388259445,5.622173937540405,6.310981589231508,23.66806190705392,22.46622204490607,24.763771733160436,12,-0.6204520266082139
4,0.12097663261155073,0.18007124962250376,0.054648355097971474,lhs_010,0.3,1.0,0.0,-49.666666666666664,-77.41875,-20.583333333333332,5.946659388259445,5.622173937540405,6.310981589231508,23.66806190705392,22.46622204490607,24.763771733160436,12,-0.6204520266082139
4,0.12097663261155073,0.18007124962250376,0.054648355097971474,lhs_010,0.3,1.0,0.02,-49.666666666666664,-77.41875,-20.583333333333332,5.946659388259445,5.622173937540405,6.310981589231508,23.66806190705392,22.46622204490607,24.763771733160436,12,-0.6204520266082139
4,0.12097663261155073,0.18007124962250376,0.054648355097971474,lhs_010,0.5,0.5,0.02,-49.666666666666664,-77.41875,-20.583333333333332,5.946659388259445,5.622173937540405,6.310981589231508,23.66806190705392,22.46622204490607,24.763771733160436,12,-0.6204520266082139
4,0.12097663261155073,0.18007124962250376,0.054648355097971474,lhs_010,0.5,0.5,0.0,-49.666666666666664,-77.41875,-20.583333333333332,5.946659388259445,5.622173937540405,6.310981589231508,23.66806190705392,22.46622204490607,24.763771733160436,12,-0.6204520266082139
4,0.12097663261155073,0.18007124962250376,0.054648355097971474,lhs_010,1.0,1.0,0.0,-49.666666666666664,-77.41875,-20.583333333333332,5.946659388259445,5.622173937540405,6.310981589231508,23.66806190705392,22.46622204490607,24.763771733160436,12,-0.6204520266082139
4,0.12097663261155073,0.18007124962250376,0.054648355097971474,lhs_010,1.0,0.5,0.1,-49.666666666666664,-77.41875,-20.583333333333332,5.946659388259445,5.622173937540405,6.310981589231508,23.66806190705392,22.46622204490607,24.763771733160436,12,-0.6204520266082139
4,0.12097663261155073,0.18007124962250376,0.054648355097971474,lhs_010,0.5,2.0,0.1,-49.666666666666664,-77.41875,-20.583333333333332,5.946659388259445,5.622173937540405,6.310981589231508,23.66806190705392,22.46622204490607,24.763771733160436,12,-0.6204520266082139
4,0.12097663261155073,0.18007124962250376,0.054648355097971474,lhs_010,0.5,1.0,0.1,-49.666666666666664,-77.41875,-20.583333333333332,5.946659388259445,5.622173937540405,6.310981589231508,23.66806190705392,22.46622204490607,24.763771733160436,12,-0.6204520266082139
4,0.12097663261155073,0.18007124962250376,0.054648355097971474,lhs_010,0.5,0.5,0.1,-49.666666666666664,-77.41875,-20.583333333333332,5.946659388259445,5.622173937540405,6.310981589231508,23.66806190705392,22.46622204490607,24.763771733160436,12,-0.6204520266082139
4,0.12097663261155073,0.18007124962250376,0.054648355097971474,lhs_010,0.5,1.0,0.0,-49.666666666666664,-77.41875,-20.583333333333332,5.946659388259445,5.622173937540405,6.310981589231508,23.66806190705392,22.46622204490607,24.763771733160436,12,-0.6204520266082139
4,0.12097663261155073,0.18007124962250376,0.054648355097971474,lhs_010,0.3,2.0,0.0,-49.666666666666664,-77.41875,-20.583333333333332,5.946659388259445,5.622173937540405,6.310981589231508,23.66806190705392,22.46622204490607,24.763771733160436,12,-0.6204520266082139
4,0.12097663261155073,0.18007124962250376,0.054648355097971474,lhs_010,0.3,1.0,0.1,-49.666666666666664,-77.41875,-20.583333333333332,5.946659388259445,5.622173937540405,6.310981589231508,23.66806190705392,22.46622204490607,24.763771733160436,12,-0.6204520266082139
4,0.12097663261155073,0.18007124962250376,0.054648355097971474,lhs_010,0.3,2.0,0.1,-49.666666666666664,-77.41875,-20.583333333333332,5.946659388259445,5.622173937540405,6.310981589231508,23.66806190705392,22.46622204490607,24.763771733160436,12,-0.6204520266082139
4,0.12097663261155073,0.18007124962250376,0.054648355097971474,lhs_010,0.3,2.0,0.02,-49.666666666666664,-77.41875,-20.583333333333332,5.946659388259445,5.622173937540405,6.310981589231508,23.66806190705392,22.46622204490607,24.763771733160436,12,-0.6204520266082139
1,0.14004594662140885,0.28461697238757816,0.04379191479574236,lhs_014,0.5,0.5,0.0,0.75,-18.166666666666668,19.335416666666653,5.811613953593951,5.675827683639917,5.962668029445458,112.05039436185808,110.18852640373319,114.04447292158582,12,-0.7801204112982977
1,0.14004594662140885,0.28461697238757816,0.04379191479574236,lhs_014,0.3,2.0,0.1,0.75,-18.166666666666668,19.335416666666653,5.811613953593951,5.675827683639917,5.962668029445458,112.05039436185808,110.18852640373319,114.04447292158582,12,-0.7801204112982977
1,0.14004594662140885,0.28461697238757816,0.04379191479574236,lhs_014,0.3,1.0,0.0,0.75,-18.166666666666668,19.335416666666653,5.811613953593951,5.675827683639917,5.962668029445458,112.05039436185808,110.18852640373319,114.04447292158582,12,-0.7801204112982977
1,0.14004594662140885,0.28461697238757816,0.04379191479574236,lhs_014,0.3,0.5,0.1,0.75,-18.166666666666668,19.335416666666653,5.811613953593951,5.675827683639917,5.962668029445458,112.05039436185808,110.18852640373319,114.04447292158582,12,-0.7801204112982977
1,0.14004594662140885,0.28461697238757816,0.04379191479574236,lhs_014,0.3,0.5,0.02,0.75,-18.166666666666668,19.335416666666653,5.811613953593951,5.675827683639917,5.962668029445458,112.05039436185808,110.18852640373319,114.04447292158582,12,-0.7801204112982977
1,0.14004594662140885,0.28461697238757816,0.04379191479574236,lhs_014,0.3,0.5,0.0,0.75,-18.166666666666668,19.335416666666653,5.811613953593951,5.675827683639917,5.962668029445458,112.05039436185808,110.18852640373319,114.04447292158582,12,-0.7801204112982977
1,0.14004594662140885,0.28461697238757816,0.04379191479574236,lhs_014,0.3,2.0,0.02,0.75,-18.166666666666668,19.335416666666653,5.811613953593951,5.675827683639917,5.962668029445458,112.05039436185808,110.18852640373319,114.04447292158582,12,-0.7801204112982977
1,0.14004594662140885,0.28461697238757816,0.04379191479574236,lhs_014,0.3,2.0,0.0,0.75,-18.166666666666668,19.335416666666653,5.811613953593951,5.675827683639917,5.962668029445458,112.05039436185808,110.18852640373319,114.04447292158582,12,-0.7801204112982977
1,0.14004594662140885,0.28461697238757816,0.04379191479574236,lhs_014,0.3,1.0,0.1,0.75,-18.166666666666668,19.335416666666653,5.811613953593951,5.675827683639917,5.962668029445458,112.05039436185808,110.18852640373319,114.04447292158582,12,-0.7801204112982977
1,0.14004594662140885,0.28461697238757816,0.04379191479574236,lhs_014,0.3,1.0,0.02,0.75,-18.166666666666668,19.335416666666653,5.811613953593951,5.675827683639917,5.962668029445458,112.05039436185808,110.18852640373319,114.04447292158582,12,-0.7801204112982977
1,0.14004594662140885,0.28461697238757816,0.04379191479574236,lhs_014,0.5,1.0,0.1,0.75,-18.166666666666668,19.335416666666653,5.811613953593951,5.675827683639917,5.962668029445458,112.05039436185808,110.18852640373319,114.04447292158582,12,-0.7801204112982977
1,0.14004594662140885,0.28461697238757816,0.04379191479574236,lhs_014,1.0,2.0,0.0,0.75,-18.166666666666668,19.335416666666653,5.811613953593951,5.675827683639917,5.962668029445458,112.05039436185808,110.18852640373319,114.04447292158582,12,-0.7801204112982977
1,0.14004594662140885,0.28461697238757816,0.04379191479574236,lhs_014,1.0,2.0,0.1,0.75,-18.166666666666668,19.335416666666653,5.811613953593951,5.675827683639917,5.962668029445458,112.05039436185808,110.18852640373319,114.04447292158582,12,-0.7801204112982977
1,0.14004594662140885,0.28461697238757816,0.04379191479574236,lhs_014,0.5,0.5,0.1,0.75,-18.166666666666668,19.335416666666653,5.811613953593951,5.675827683639917,5.962668029445458,112.05039436185808,110.18852640373319,114.04447292158582,12,-0.7801204112982977
1,0.14004594662140885,0.28461697238757816,0.04379191479574236,lhs_014,0.5,1.0,0.0,0.75,-18.166666666666668,19.335416666666653,5.811613953593951,5.675827683639917,5.962668029445458,112.05039436185808,110.18852640373319,114.04447292158582,12,-0.7801204112982977
1,0.14004594662140885,0.28461697238757816,0.04379191479574236,lhs_014,0.5,1.0,0.02,0.75,-18.166666666666668,19.335416666666653,5.811613953593951,5.675827683639917,5.962668029445458,112.05039436185808,110.18852640373319,114.04447292158582,12,-0.7801204112982977
1,0.14004594662140885,0.28461697238757816,0.04379191479574236,lhs_014,1.0,2.0,0.02,0.75,-18.166666666666668,19.335416666666653,5.811613953593951,5.675827683639917,5.962668029445458,112.05039436185808,110.18852640373319,114.04447292158582,12,-0.7801204112982977
1,0.14004594662140885,0.28461697238757816,0.04379191479574236,lhs_014,1.0,0.5,0.1,0.75,-18.166666666666668,19.335416666666653,5.811613953593951,5.675827683639917,5.962668029445458,112.05039436185808,110.18852640373319,114.04447292158582,12,-0.7801204112982977
1,0.14004594662140885,0.28461697238757816,0.04379191479574236,lhs_014,1.0,1.0,0.1,0.75,-18.166666666666668,19.335416666666653,5.811613953593951,5.675827683639917,5.962668029445458,112.05039436185808,110.18852640373319,114.04447292158582,12,-0.7801204112982977
1,0.14004594662140885,0.28461697238757816,0.04379191479574236,lhs_014,1.0,0.5,0.0,0.75,-18.166666666666668,19.335416666666653,5.811613953593951,5.675827683639917,5.962668029445458,112.05039436185808,110.18852640373319,114.04447292158582,12,-0.7801204112982977
1,0.14004594662140885,0.28461697238757816,0.04379191479574236,lhs_014,0.5,2.0,0.1,0.75,-18.166666666666668,19.335416666666653,5.811613953593951,5.675827683639917,5.962668029445458,112.05039436185808,110.18852640373319,114.04447292158582,12,-0.7801204112982977
1,0.14004594662140885,0.28461697238757816,0.04379191479574236,lhs_014,0.5,2.0,0.02,0.75,-18.166666666666668,19.335416666666653,5.811613953593951,5.675827683639917,5.962668029445458,112.05039436185808,110.18852640373319,114.04447292158582,12,-0.7801204112982977
1,0.14004594662140885,0.28461697238757816,0.04379191479574236,lhs_014,0.5,2.0,0.0,0.75,-18.166666666666668,19.335416666666653,5.811613953593951,5.675827683639917,5.962668029445458,112.05039436185808,110.18852640373319,114.04447292158582,12,-0.7801204112982977
1,0.14004594662140885,0.28461697238757816,0.04379191479574236,lhs_014,1.0,1.0,0.02,0.75,-18.166666666666668,19.335416666666653,5.811613953593951,5.675827683639917,5.962668029445458,112.05039436185808,110.18852640373319,114.04447292158582,12,-0.7801204112982977
1,0.14004594662140885,0.28461697238757816,0.04379191479574236,lhs_014,1.0,1.0,0.0,0.75,-18.166666666666668,19.335416666666653,5.811613953593951,5.675827683639917,5.962668029445458,112.05039436185808,110.18852640373319,114.04447292158582,12,-0.7801204112982977
1,0.14004594662140885,0.28461697238757816,0.04379191479574236,lhs_014,0.5,0.5,0.02,0.75,-18.166666666666668,19.335416666666653,5.811613953593951,5.675827683639917,5.962668029445458,112.05039436185808,110.18852640373319,114.04447292158582,12,-0.7801204112982977
1,0.14004594662140885,0.28461697238757816,0.04379191479574236,lhs_014,1.0,0.5,0.02,0.75,-18.166666666666668,19.335416666666653,5.811613953593951,5.675827683639917,5.962668029445458,112.05039436185808,110.18852640373319,114.04447292158582,12,-0.7801204112982977
2,0.05056761882886579,0.19375130232890442,0.0782990855006037,lhs_018,1.0,1.0,0.1,-58.333333333333336,-83.66666666666667,-28.664583333333347,5.908095598351714,5.653523786169577,6.156820692937557,47.365826634903584,45.67981608596794,48.83207971507411,12,-0.8787196563529642
2,0.05056761882886579,0.19375130232890442,0.0782990855006037,lhs_018,0.5,0.5,0.0,-58.333333333333336,-83.66666666666667,-28.664583333333347,5.908095598351714,5.653523786169577,6.156820692937557,47.365826634903584,45.67981608596794,48.83207971507411,12,-0.8787196563529642
2,0.05056761882886579,0.19375130232890442,0.0782990855006037,lhs_018,0.5,1.0,0.0,-58.333333333333336,-83.66666666666667,-28.664583333333347,5.908095598351714,5.653523786169577,6.156820692937557,47.365826634903584,45.67981608596794,48.83207971507411,12,-0.8787196563529642
2,0.05056761882886579,0.19375130232890442,0.0782990855006037,lhs_018,0.5,0.5,0.1,-58.333333333333336,-83.66666666666667,-28.664583333333347,5.908095598351714,5.653523786169577,6.156820692937557,47.365826634903584,45.67981608596794,48.83207971507411,12,-0.8787196563529642
2,0.05056761882886579,0.19375130232890442,0.0782990855006037,lhs_018,1.0,0.5,0.02,-58.333333333333336,-83.66666666666667,-28.664583333333347,5.908095598351714,5.653523786169577,6.156820692937557,47.365826634903584,45.67981608596794,48.83207971507411,12,-0.8787196563529642
2,0.05056761882886579,0.19375130232890442,0.0782990855006037,lhs_018,1.0,2.0,0.0,-58.333333333333336,-83.66666666666667,-28.664583333333347,5.908095598351714,5.653523786169577,6.156820692937557,47.365826634903584,45.67981608596794,48.83207971507411,12,-0.8787196563529642
2,0.05056761882886579,0.19375130232890442,0.0782990855006037,lhs_018,1.0,0.5,0.0,-58.333333333333336,-83.66666666666667,-28.664583333333347,5.908095598351714,5.653523786169577,6.156820692937557,47.365826634903584,45.67981608596794,48.83207971507411,12,-0.8787196563529642
2,0.05056761882886579,0.19375130232890442,0.0782990855006037,lhs_018,0.5,2.0,0.1,-58.333333333333336,-83.66666666666667,-28.664583333333347,5.908095598351714,5.653523786169577,6.156820692937557,47.365826634903584,45.67981608596794,48.83207971507411,12,-0.8787196563529642
2,0.05056761882886579,0.19375130232890442,0.0782990855006037,lhs_018,1.0,2.0,0.02,-58.333333333333336,-83.66666666666667,-28.664583333333347,5.908095598351714,5.653523786169577,6.156820692937557,47.365826634903584,45.67981608596794,48.83207971507411,12,-0.8787196563529642
2,0.05056761882886579,0.19375130232890442,0.0782990855006037,lhs_018,0.5,2.0,0.02,-58.333333333333336,-83.66666666666667,-28.664583333333347,5.908095598351714,5.653523786169577,6.156820692937557,47.365826634903584,45.67981608596794,48.83207971507411,12,-0.8787196563529642
2,0.05056761882886579,0.19375130232890442,0.0782990855006037,lhs_018,0.5,1.0,0.02,-58.333333333333336,-83.66666666666667,-28.664583333333347,5.908095598351714,5.653523786169577,6.156820692937557,47.365826634903584,45.67981608596794,48.83207971507411,12,-0.8787196563529642
2,0.05056761882886579,0.19375130232890442,0.0782990855006037,lhs_018,0.5,1.0,0.1,-58.333333333333336,-83.66666666666667,-28.664583333333347,5.908095598351714,5.653523786169577,6.156820692937557,47.365826634903584,45.67981608596794,48.83207971507411,12,-0.8787196563529642
2,0.05056761882886579,0.19375130232890442,0.0782990855006037,lhs_018,1.0,0.5,0.1,-58.333333333333336,-83.66666666666667,-28.664583333333347,5.908095598351714,5.653523786169577,6.156820692937557,47.365826634903584,45.67981608596794,48.83207971507411,12,-0.8787196563529642
2,0.05056761882886579,0.19375130232890442,0.0782990855006037,lhs_018,0.5,2.0,0.0,-58.333333333333336,-83.66666666666667,-28.664583333333347,5.908095598351714,5.653523786169577,6.156820692937557,47.365826634903584,45.67981608596794,48.83207971507411,12,-0.8787196563529642
2,0.05056761882886579,0.19375130232890442,0.0782990855006037,lhs_018,1.0,1.0,0.0,-58.333333333333336,-83.66666666666667,-28.664583333333347,5.908095598351714,5.653523786169577,6.156820692937557,47.365826634903584,45.67981608596794,48.83207971507411,12,-0.8787196563529642
2,0.05056761882886579,0.19375130232890442,0.0782990855006037,lhs_018,1.0,1.0,0.02,-58.333333333333336,-83.66666666666667,-28.664583333333347,5.908095598351714,5.653523786169577,6.156820692937557,47.365826634903584,45.67981608596794,48.83207971507411,12,-0.8787196563529642
2,0.05056761882886579,0.19375130232890442,0.0782990855006037,lhs_018,1.0,2.0,0.1,-58.333333333333336,-83.66666666666667,-28.664583333333347,5.908095598351714,5.653523786169577,6.156820692937557,47.365826634903584,45.67981608596794,48.83207971507411,12,-0.8787196563529642
2,0.05056761882886579,0.19375130232890442,0.0782990855006037,lhs_018,0.3,1.0,0.02,-58.333333333333336,-83.66666666666667,-28.664583333333347,5.908095598351714,5.653523786169577,6.156820692937557,47.365826634903584,45.67981608596794,48.83207971507411,12,-0.8787196563529642
2,0.05056761882886579,0.19375130232890442,0.0782990855006037,lhs_018,0.3,1.0,0.1,-58.333333333333336,-83.66666666666667,-28.664583333333347,5.908095598351714,5.653523786169577,6.156820692937557,47.365826634903584,45.67981608596794,48.83207971507411,12,-0.8787196563529642
2,0.05056761882886579,0.19375130232890442,0.0782990855006037,lhs_018,0.3,1.0,0.0,-58.333333333333336,-83.66666666666667,-28.664583333333347,5.908095598351714,5.653523786169577,6.156820692937557,47.365826634903584,45.67981608596794,48.83207971507411,12,-0.8787196563529642
2,0.05056761882886579,0.19375130232890442,0.0782990855006037,lhs_018,0.5,0.5,0.02,-58.333333333333336,-83.66666666666667,-28.664583333333347,5.908095598351714,5.653523786169577,6.156820692937557,47.365826634903584,45.67981608596794,48.83207971507411,12,-0.8787196563529642
2,0.05056761882886579,0.19375130232890442,0.0782990855006037,lhs_018,0.3,2.0,0.1,-58.333333333333336,-83.66666666666667,-28.664583333333347,5.908095598351714,5.653523786169577,6.156820692937557,47.365826634903584,45.67981608596794,48.83207971507411,12,-0.8787196563529642
2,0.05056761882886579,0.19375130232890442,0.0782990855006037,lhs_018,0.3,0.5,0.02,-58.333333333333336,-83.66666666666667,-28.664583333333347,5.908095598351714,5.653523786169577,6.156820692937557,47.365826634903584,45.67981608596794,48.83207971507411,12,-0.8787196563529642
2,0.05056761882886579,0.19375130232890442,0.0782990855006037,lhs_018,0.3,2.0,0.02,-58.333333333333336,-83.66666666666667,-28.664583333333347,5.908095598351714,5.653523786169577,6.156820692937557,47.365826634903584,45.67981608596794,48.83207971507411,12,-0.8787196563529642
2,0.05056761882886579,0.19375130232890442,0.0782990855006037,lhs_018,0.3,2.0,0.0,-58.333333333333336,-83.66666666666667,-28.664583333333347,5.908095598351714,5.653523786169577,6.156820692937557,47.365826634903584,45.67981608596794,48.83207971507411,12,-0.8787196563529642
2,0.05056761882886579,0.19375130232890442,0.0782990855006037,lhs_018,0.3,0.5,0.1,-58.333333333333336,-83.66666666666667,-28.664583333333347,5.908095598351714,5.653523786169577,6.156820692937557,47.365826634903584,45.67981608596794,48.83207971507411,12,-0.8787196563529642
2,0.05056761882886579,0.19375130232890442,0.0782990855006037,lhs_018,0.3,0.5,0.0,-58.333333333333336,-83.66666666666667,-28.664583333333347,5.908095598351714,5.653523786169577,6.156820692937557,47.365826634903584,45.67981608596794,48.83207971507411,12,-0.8787196563529642
3,0.19323173474688637,0.08375360136828269,0.09030925111520936,lhs_004,0.3,0.5,0.02,-81.33333333333333,-102.66875,-56.25,5.9172713851126035,5.624523473668291,6.196831996389524,32.46178479748777,30.659676534967726,34.59828005721986,12,-0.9729655408893353
3,0.19323173474688637,0.08375360136828269,0.09030925111520936,lhs_004,0.3,0.5,0.1,-81.33333333333333,-102.66875,-56.25,5.9172713851126035,5.624523473668291,6.196831996389524,32.46178479748777,30.659676534967726,34.59828005721986,12,-0.9729655408893353
3,0.19323173474688637,0.08375360136828269,0.09030925111520936,lhs_004,0.3,1.0,0.0,-81.33333333333333,-102.66875,-56.25,5.9172713851126035,5.624523473668291,6.196831996389524,32.46178479748777,30.659676534967726,34.59828005721986,12,-0.9729655408893353
3,0.19323173474688637,0.08375360136828269,0.09030925111520936,lhs_004,0.5,1.0,0.0,-81.33333333333333,-102.66875,-56.25,5.9172713851126035,5.624523473668291,6.196831996389524,32.46178479748777,30.659676534967726,34.59828005721986,12,-0.9729655408893353
3,0.19323173474688637,0.08375360136828269,0.09030925111520936,lhs_004,0.5,1.0,0.1,-81.33333333333333,-102.66875,-56.25,5.9172713851126035,5.624523473668291,6.196831996389524,32.46178479748777,30.659676534967726,34.59828005721986,12,-0.9729655408893353
3,0.19323173474688637,0.08375360136828269,0.09030925111520936,lhs_004,0.5,2.0,0.0,-81.33333333333333,-102.66875,-56.25,5.9172713851126035,5.624523473668291,6.196831996389524,32.46178479748777,30.659676534967726,34.59828005721986,12,-0.9729655408893353
3,0.19323173474688637,0.08375360136828269,0.09030925111520936,lhs_004,1.0,1.0,0.1,-81.33333333333333,-102.66875,-56.25,5.9172713851126035,5.624523473668291,6.196831996389524,32.46178479748777,30.659676534967726,34.59828005721986,12,-0.9729655408893353
3,0.19323173474688637,0.08375360136828269,0.09030925111520936,lhs_004,0.3,2.0,0.02,-81.33333333333333,-102.66875,-56.25,5.9172713851126035,5.624523473668291,6.196831996389524,32.46178479748777,30.659676534967726,34.59828005721986,12,-0.9729655408893353
3,0.19323173474688637,0.08375360136828269,0.09030925111520936,lhs_004,0.3,2.0,0.0,-81.33333333333333,-102.66875,-56.25,5.9172713851126035,5.624523473668291,6.196831996389524,32.46178479748777,30.659676534967726,34.59828005721986,12,-0.9729655408893353
3,0.19323173474688637,0.08375360136828269,0.09030925111520936,lhs_004,0.3,1.0,0.1,-81.33333333333333,-102.66875,-56.25,5.9172713851126035,5.624523473668291,6.196831996389524,32.46178479748777,30.659676534967726,34.59828005721986,12,-0.9729655408893353
3,0.19323173474688637,0.08375360136828269,0.09030925111520936,lhs_004,0.3,1.0,0.02,-81.33333333333333,-102.66875,-56.25,5.9172713851126035,5.624523473668291,6.196831996389524,32.46178479748777,30.659676534967726,34.59828005721986,12,-0.9729655408893353
3,0.19323173474688637,0.08375360136828269,0.09030925111520936,lhs_004,1.0,2.0,0.1,-81.33333333333333,-102.66875,-56.25,5.9172713851126035,5.624523473668291,6.196831996389524,32.46178479748777,30.659676534967726,34.59828005721986,12,-0.9729655408893353
3,0.19323173474688637,0.08375360136828269,0.09030925111520936,lhs_004,1.0,2.0,0.02,-81.33333333333333,-102.66875,-56.25,5.9172713851126035,5.624523473668291,6.196831996389524,32.46178479748777,30.659676534967726,34.59828005721986,12,-0.9729655408893353
3,0.19323173474688637,0.08375360136828269,0.09030925111520936,lhs_004,1.0,2.0,0.0,-81.33333333333333,-102.66875,-56.25,5.9172713851126035,5.624523473668291,6.196831996389524,32.46178479748777,30.659676534967726,34.59828005721986,12,-0.9729655408893353
3,0.19323173474688637,0.08375360136828269,0.09030925111520936,lhs_004,1.0,1.0,0.0,-81.33333333333333,-102.66875,-56.25,5.9172713851126035,5.624523473668291,6.196831996389524,32.46178479748777,30.659676534967726,34.59828005721986,12,-0.9729655408893353
3,0.19323173474688637,0.08375360136828269,0.09030925111520936,lhs_004,1.0,1.0,0.02,-81.33333333333333,-102.66875,-56.25,5.9172713851126035,5.624523473668291,6.196831996389524,32.46178479748777,30.659676534967726,34.59828005721986,12,-0.9729655408893353
3,0.19323173474688637,0.08375360136828269,0.09030925111520936,lhs_004,1.0,0.5,0.1,-81.33333333333333,-102.66875,-56.25,5.9172713851126035,5.624523473668291,6.196831996389524,32.46178479748777,30.659676534967726,34.59828005721986,12,-0.9729655408893353
3,0.19323173474688637,0.08375360136828269,0.09030925111520936,lhs_004,0.5,1.0,0.02,-81.33333333333333,-102.66875,-56.25,5.9172713851126035,5.624523473668291,6.196831996389524,32.46178479748777,30.659676534967726,34.59828005721986,12,-0.9729655408893353
3,0.19323173474688637,0.08375360136828269,0.09030925111520936,lhs_004,0.5,0.5,0.02,-81.33333333333333,-102.66875,-56.25,5.9172713851126035,5.624523473668291,6.196831996389524,32.46178479748777,30.659676534967726,34.59828005721986,12,-0.9729655408893353
3,0.19323173474688637,0.08375360136828269,0.09030925111520936,lhs_004,0.5,0.5,0.1,-81.33333333333333,-102.66875,-56.25,5.9172713851126035,5.624523473668291,6.196831996389524,32.46178479748777,30.659676534967726,34.59828005721986,12,-0.9729655408893353
3,0.19323173474688637,0.08375360136828269,0.09030925111520936,lhs_004,0.5,0.5,0.0,-81.33333333333333,-102.66875,-56.25,5.9172713851126035,5.624523473668291,6.196831996389524,32.46178479748777,30.659676534967726,34.59828005721986,12,-0.9729655408893353
3,0.19323173474688637,0.08375360136828269,0.09030925111520936,lhs_004,0.3,2.0,0.1,-81.33333333333333,-102.66875,-56.25,5.9172713851126035,5.624523473668291,6.196831996389524,32.46178479748777,30.659676534967726,34.59828005721986,12,-0.9729655408893353
3,0.19323173474688637,0.08375360136828269,0.09030925111520936,lhs_004,1.0,0.5,0.0,-81.33333333333333,-102.66875,-56.25,5.9172713851126035,5.624523473668291,6.196831996389524,32.46178479748777,30.659676534967726,34.59828005721986,12,-0.9729655408893353
3,0.19323173474688637,0.08375360136828269,0.09030925111520936,lhs_004,1.0,0.5,0.02,-81.33333333333333,-102.66875,-56.25,5.9172713851126035,5.624523473668291,6.196831996389524,32.46178479748777,30.659676534967726,34.59828005721986,12,-0.9729655408893353
3,0.19323173474688637,0.08375360136828269,0.09030925111520936,lhs_004,0.5,2.0,0.1,-81.33333333333333,-102.66875,-56.25,5.9172713851126035,5.624523473668291,6.196831996389524,32.46178479748777,30.659676534967726,34.59828005721986,12,-0.9729655408893353
3,0.19323173474688637,0.08375360136828269,0.09030925111520936,lhs_004,0.3,0.5,0.0,-81.33333333333333,-102.66875,-56.25,5.9172713851126035,5.624523473668291,6.196831996389524,32.46178479748777,30.659676534967726,34.59828005721986,12,-0.9729655408893353
3,0.19323173474688637,0.08375360136828269,0.09030925111520936,lhs_004,0.5,2.0,0.02,-81.33333333333333,-102.66875,-56.25,5.9172713851126035,5.624523473668291,6.196831996389524,32.46178479748777,30.659676534967726,34.59828005721986,12,-0.9729655408893353
1,0.16256129368455846,0.2381382040632779,0.04615981944276362,lhs_019,0.5,2.0,0.0,-19.166666666666668,-43.168749999999996,0.08333333333333333,5.835411245365777,5.699397659643117,5.9875932411762145,108.44471372118761,106.57962994537857,110.49254880837492,12,-0.9799215912888922
1,0.16256129368455846,0.2381382040632779,0.04615981944276362,lhs_019,0.5,2.0,0.02,-19.166666666666668,-43.168749999999996,0.08333333333333333,5.835411245365777,5.699397659643117,5.9875932411762145,108.44471372118761,106.57962994537857,110.49254880837492,12,-0.9799215912888922
1,0.16256129368455846,0.2381382040632779,0.04615981944276362,lhs_019,0.5,2.0,0.1,-19.166666666666668,-43.168749999999996,0.08333333333333333,5.835411245365777,5.699397659643117,5.9875932411762145,108.44471372118761,106.57962994537857,110.49254880837492,12,-0.9799215912888922
1,0.16256129368455846,0.2381382040632779,0.04615981944276362,lhs_019,0.3,1.0,0.02,-19.166666666666668,-43.168749999999996,0.08333333333333333,5.835411245365777,5.699397659643117,5.9875932411762145,108.44471372118761,106.57962994537857,110.49254880837492,12,-0.9799215912888922
1,0.16256129368455846,0.2381382040632779,0.04615981944276362,lhs_019,0.3,1.0,0.0,-19.166666666666668,-43.168749999999996,0.08333333333333333,5.835411245365777,5.699397659643117,5.9875932411762145,108.44471372118761,106.57962994537857,110.49254880837492,12,-0.9799215912888922
1,0.16256129368455846,0.2381382040632779,0.04615981944276362,lhs_019,0.3,0.5,0.1,-19.166666666666668,-43.168749999999996,0.08333333333333333,5.835411245365777,5.699397659643117,5.9875932411762145,108.44471372118761,106.57962994537857,110.49254880837492,12,-0.9799215912888922
1,0.16256129368455846,0.2381382040632779,0.04615981944276362,lhs_019,0.3,0.5,0.02,-19.166666666666668,-43.168749999999996,0.08333333333333333,5.835411245365777,5.699397659643117,5.9875932411762145,108.44471372118761,106.57962994537857,110.49254880837492,12,-0.9799215912888922
1,0.16256129368455846,0.2381382040632779,0.04615981944276362,lhs_019,0.3,0.5,0.0,-19.166666666666668,-43.168749999999996,0.08333333333333333,5.835411245365777,5.699397659643117,5.9875932411762145,108.44471372118761,106.57962994537857,110.49254880837492,12,-0.9799215912888922
1,0.16256129368455846,0.2381382040632779,0.04615981944276362,lhs_019,0.5,1.0,0.0,-19.166666666666668,-43.168749999999996,0.08333333333333333,5.835411245365777,5.699397659643117,5.9875932411762145,108.44471372118761,106.57962994537857,110.49254880837492,12,-0.9799215912888922
1,0.16256129368455846,0.2381382040632779,0.04615981944276362,lhs_019,0.3,1.0,0.1,-19.166666666666668,-43.168749999999996,0.08333333333333333,5.835411245365777,5.699397659643117,5.9875932411762145,108.44471372118761,106.57962994537857,110.49254880837492,12,-0.9799215912888922
1,0.16256129368455846,0.2381382040632779,0.04615981944276362,lhs_019,0.3,2.0,0.0,-19.166666666666668,-43.168749999999996,0.08333333333333333,5.835411245365777,5.699397659643117,5.9875932411762145,108.44471372118761,106.57962994537857,110.49254880837492,12,-0.9799215912888922
1,0.16256129368455846,0.2381382040632779,0.04615981944276362,lhs_019,0.5,1.0,0.1,-19.166666666666668,-43.168749999999996,0.08333333333333333,5.835411245365777,5.699397659643117,5.9875932411762145,108.44471372118761,106.57962994537857,110.49254880837492,12,-0.9799215912888922
1,0.16256129368455846,0.2381382040632779,0.04615981944276362,lhs_019,0.5,1.0,0.02,-19.166666666666668,-43.168749999999996,0.08333333333333333,5.835411245365777,5.699397659643117,5.9875932411762145,108.44471372118761,106.57962994537857,110.49254880837492,12,-0.9799215912888922
1,0.16256129368455846,0.2381382040632779,0.04615981944276362,lhs_019,0.3,2.0,0.02,-19.166666666666668,-43.168749999999996,0.08333333333333333,5.835411245365777,5.699397659643117,5.9875932411762145,108.44471372118761,106.57962994537857,110.49254880837492,12,-0.9799215912888922
1,0.16256129368455846,0.2381382040632779,0.04615981944276362,lhs_019,0.3,2.0,0.1,-19.166666666666668,-43.168749999999996,0.08333333333333333,5.835411245365777,5.699397659643117,5.9875932411762145,108.44471372118761,106.57962994537857,110.49254880837492,12,-0.9799215912888922
1,0.16256129368455846,0.2381382040632779,0.04615981944276362,lhs_019,0.5,0.5,0.0,-19.166666666666668,-43.168749999999996,0.08333333333333333,5.835411245365777,5.699397659643117,5.9875932411762145,108.44471372118761,106.57962994537857,110.49254880837492,12,-0.9799215912888922
1,0.16256129368455846,0.2381382040632779,0.04615981944276362,lhs_019,0.5,0.5,0.02,-19.166666666666668,-43.168749999999996,0.08333333333333333,5.835411245365777,5.699397659643117,5.9875932411762145,108.44471372118761,106.57962994537857,110.49254880837492,12,-0.9799215912888922
1,0.16256129368455846,0.2381382040632779,0.04615981944276362,lhs_019,0.5,0.5,0.1,-19.166666666666668,-43.168749999999996,0.08333333333333333,5.835411245365777,5.699397659643117,5.9875932411762145,108.44471372118761,106.57962994537857,110.49254880837492,12,-0.9799215912888922
1,0.16256129368455846,0.2381382040632779,0.04615981944276362,lhs_019,1.0,0.5,0.0,-19.166666666666668,-43.168749999999996,0.08333333333333333,5.835411245365777,5.699397659643117,5.9875932411762145,108.44471372118761,106.57962994537857,110.49254880837492,12,-0.9799215912888922
1,0.16256129368455846,0.2381382040632779,0.04615981944276362,lhs_019,1.0,0.5,0.02,-19.166666666666668,-43.168749999999996,0.08333333333333333,5.835411245365777,5.699397659643117,5.9875932411762145,108.44471372118761,106.57962994537857,110.49254880837492,12,-0.9799215912888922
1,0.16256129368455846,0.2381382040632779,0.04615981944276362,lhs_019,1.0,0.5,0.1,-19.166666666666668,-43.168749999999996,0.08333333333333333,5.835411245365777,5.699397659643117,5.9875932411762145,108.44471372118761,106.57962994537857,110.49254880837492,12,-0.9799215912888922
1,0.16256129368455846,0.2381382040632779,0.04615981944276362,lhs_019,1.0,1.0,0.0,-19.166666666666668,-43.168749999999996,0.08333333333333333,5.835411245365777,5.699397659643117,5.9875932411762145,108.44471372118761,106.57962994537857,110.49254880837492,12,-0.9799215912888922
1,0.16256129368455846,0.2381382040632779,0.04615981944276362,lhs_019,1.0,1.0,0.02,-19.166666666666668,-43.168749999999996,0.08333333333333333,5.835411245365777,5.699397659643117,5.9875932411762145,108.44471372118761,106.57962994537857,110.49254880837492,12,-0.9799215912888922
1,0.16256129368455846,0.2381382040632779,0.04615981944276362,lhs_019,1.0,1.0,0.1,-19.166666666666668,-43.168749999999996,0.08333333333333333,5.835411245365777,5.699397659643117,5.9875932411762145,108.44471372118761,106.57962994537857,110.49254880837492,12,-0.9799215912888922
1,0.16256129368455846,0.2381382040632779,0.04615981944276362,lhs_019,1.0,2.0,0.0,-19.166666666666668,-43.168749999999996,0.08333333333333333,5.835411245365777,5.699397659643117,5.9875932411762145,108.44471372118761,106.57962994537857,110.49254880837492,12,-0.9799215912888922
1,0.16256129368455846,0.2381382040632779,0.04615981944276362,lhs_019,1.0,2.0,0.02,-19.166666666666668,-43.168749999999996,0.08333333333333333,5.835411245365777,5.699397659643117,5.9875932411762145,108.44471372118761,106.57962994537857,110.49254880837492,12,-0.9799215912888922
1,0.16256129368455846,0.2381382040632779,0.04615981944276362,lhs_019,1.0,2.0,0.1,-19.166666666666668,-43.168749999999996,0.08333333333333333,5.835411245365777,5.699397659643117,5.9875932411762145,108.44471372118761,106.57962994537857,110.49254880837492,12,-0.9799215912888922
